<?xml version='1.0' encoding='utf-8'?>
<project xmlns:ns1="http://www.plcopen.org/xml/tc6_0201" xmlns:xhtml="http://www.w3.org/1999/xhtml" xmlns:xsd="http://www.w3.org/2001/XMLSchema" xmlns="http://www.plcopen.org/xml/tc6_0201">
  <fileHeader companyName="Inconnu" productName="SansNom" productVersion="1" creationDateTime="2023-02-10T10:03:45"/>
  <contentHeader name="SansNom" modificationDateTime="2023-03-10T11:47:44">
    <coordinateInfo>
      <fbd>
        <scaling x="10" y="10"/>
      </fbd>
      <ld>
        <scaling x="10" y="10"/>
      </ld>
      <sfc>
        <scaling x="10" y="10"/>
      </sfc>
    </coordinateInfo>
  </contentHeader>
  <types>
    <dataTypes/>
    <pous>
      <pou name="program0" pouType="program">
        <interface>
          <localVars>
            <variable name="BPON" address="%IX100.0">
              <type>
                <BOOL/>
              </type>
            </variable>
            <variable name="BPOFF" address="%IX100.1">
              <type>
                <BOOL/>
              </type>
            </variable>
            <variable name="LED" address="%QX100.0">
              <type>
                <BOOL/>
              </type>
            </variable>
          </localVars>
        </interface>
        <body>
          <SFC>
            <step localId="1" name="Step0" initialStep="true" height="60" width="80">
              <position x="240" y="10"/>
              <connectionPointOut formalParameter="">
                <relPosition x="40" y="60"/>
              </connectionPointOut>
            </step>
            <transition localId="2" height="10" width="20">
              <position x="270" y="120"/>
              <connectionPointIn>
                <relPosition x="10" y="0"/>
                <connection refLocalId="1">
                  <position x="280" y="120"/>
                  <position x="280" y="70"/>
                </connection>
              </connectionPointIn>
              <connectionPointOut>
                <relPosition x="10" y="10"/>
              </connectionPointOut>
              <condition>
                <inline name="">
                  <ST>
                    <xhtml:p><![CDATA[BPON]]></xhtml:p>
                  </ST>
                </inline>
              </condition>
            </transition>
            <step localId="5" name="Step1" initialStep="false" height="60" width="80">
              <position x="240" y="160"/>
              <connectionPointIn>
                <relPosition x="40" y="0"/>
                <connection refLocalId="2">
                  <position x="280" y="160"/>
                  <position x="280" y="130"/>
                </connection>
              </connectionPointIn>
              <connectionPointOut formalParameter="">
                <relPosition x="40" y="60"/>
              </connectionPointOut>
              <connectionPointOutAction formalParameter="">
                <relPosition x="80" y="30"/>
              </connectionPointOutAction>
            </step>
            <actionBlock localId="6" height="40" width="100">
              <position x="510" y="180"/>
              <connectionPointIn>
                <relPosition x="0" y="10"/>
                <connection refLocalId="5">
                  <position x="510" y="190"/>
                  <position x="320" y="190"/>
                </connection>
              </connectionPointIn>
              <action localId="0">
                <relPosition x="0" y="0"/>
                <reference name="LED"/>
              </action>
            </actionBlock>
            <transition localId="7" height="40" width="20">
              <position x="270" y="260"/>
              <connectionPointIn>
                <relPosition x="10" y="0"/>
                <connection refLocalId="5">
                  <position x="280" y="260"/>
                  <position x="280" y="220"/>
                </connection>
              </connectionPointIn>
              <connectionPointOut>
                <relPosition x="10" y="40"/>
              </connectionPointOut>
              <condition>
                <inline name="">
                  <ST>
                    <xhtml:p><![CDATA[BPOFF]]></xhtml:p>
                  </ST>
                </inline>
              </condition>
            </transition>
            <jumpStep localId="8" targetName="Step0" height="40" width="40">
              <position x="260" y="340"/>
              <connectionPointIn>
                <relPosition x="20" y="0"/>
                <connection refLocalId="7">
                  <position x="280" y="340"/>
                  <position x="280" y="300"/>
                </connection>
              </connectionPointIn>
            </jumpStep>
          </SFC>
        </body>
      </pou>
    </pous>
  </types>
  <instances>
    <configurations>
      <configuration name="Config0">
        <resource name="Res0">
          <task name="task0" priority="0" interval="T#20ms">
            <pouInstance name="instance0" typeName="program0"/>
          </task>
        </resource>
      </configuration>
    </configurations>
  </instances>
</project>
