<?xml version='1.0' encoding='utf-8'?>
<project xmlns:ns1="http://www.plcopen.org/xml/tc6_0201" xmlns:xhtml="http://www.w3.org/1999/xhtml" xmlns:xsd="http://www.w3.org/2001/XMLSchema" xmlns="http://www.plcopen.org/xml/tc6_0201">
  <fileHeader companyName="Inconnu" productName="SansNom" productVersion="1" creationDateTime="2023-02-17T09:21:41"/>
  <contentHeader name="SansNom" modificationDateTime="2023-05-30T21:58:17">
    <coordinateInfo>
      <fbd>
        <scaling x="10" y="10"/>
      </fbd>
      <ld>
        <scaling x="10" y="10"/>
      </ld>
      <sfc>
        <scaling x="10" y="10"/>
      </sfc>
    </coordinateInfo>
  </contentHeader>
  <types>
    <dataTypes/>
    <pous>
      <pou name="program2" pouType="program">
        <interface>
          <localVars>
            <variable name="BP1" address="%IX100.0">
              <type>
                <BOOL/>
              </type>
              <documentation>
                <xhtml:p><![CDATA[Bouton poussoire]]></xhtml:p>
              </documentation>
            </variable>
            <variable name="BP2" address="%IX100.1">
              <type>
                <BOOL/>
              </type>
              <documentation>
                <xhtml:p><![CDATA[Bouton poussoire]]></xhtml:p>
              </documentation>
            </variable>
            <variable name="BP3" address="%IX100.2">
              <type>
                <BOOL/>
              </type>
              <documentation>
                <xhtml:p><![CDATA[Bouton poussoire]]></xhtml:p>
              </documentation>
            </variable>
            <variable name="BP4" address="%IX100.3">
              <type>
                <BOOL/>
              </type>
              <documentation>
                <xhtml:p><![CDATA[Bouton poussoire]]></xhtml:p>
              </documentation>
            </variable>
          </localVars>
          <localVars>
            <variable name="Cycle">
              <type>
                <BOOL/>
              </type>
            </variable>
            <variable name="Auto">
              <type>
                <BOOL/>
              </type>
            </variable>
            <variable name="DCY">
              <type>
                <BOOL/>
              </type>
            </variable>
          </localVars>
          <localVars>
            <variable name="LED1" address="%QX100.0">
              <type>
                <BOOL/>
              </type>
              <documentation>
                <xhtml:p><![CDATA[LED 1]]></xhtml:p>
              </documentation>
            </variable>
            <variable name="LED2" address="%QX100.1">
              <type>
                <BOOL/>
              </type>
              <documentation>
                <xhtml:p><![CDATA[LED 2]]></xhtml:p>
              </documentation>
            </variable>
            <variable name="LED3" address="%QX100.2">
              <type>
                <BOOL/>
              </type>
              <documentation>
                <xhtml:p><![CDATA[LED 3]]></xhtml:p>
              </documentation>
            </variable>
            <variable name="LED4" address="%QX100.3">
              <type>
                <BOOL/>
              </type>
              <documentation>
                <xhtml:p><![CDATA[LED 4]]></xhtml:p>
              </documentation>
            </variable>
          </localVars>
          <localVars>
            <variable name="TON0">
              <type>
                <derived name="TON"/>
              </type>
            </variable>
            <variable name="TON1">
              <type>
                <derived name="TON"/>
              </type>
            </variable>
            <variable name="TON2">
              <type>
                <derived name="TON"/>
              </type>
            </variable>
            <variable name="TON3">
              <type>
                <derived name="TON"/>
              </type>
            </variable>
            <variable name="TON4">
              <type>
                <derived name="TON"/>
              </type>
            </variable>
            <variable name="TON5">
              <type>
                <derived name="TON"/>
              </type>
            </variable>
            <variable name="TON6">
              <type>
                <derived name="TON"/>
              </type>
            </variable>
            <variable name="TON7">
              <type>
                <derived name="TON"/>
              </type>
            </variable>
            <variable name="TON8">
              <type>
                <derived name="TON"/>
              </type>
            </variable>
          </localVars>
        </interface>
        <body>
          <SFC>
            <step localId="1" name="Step0" initialStep="true" height="40" width="60">
              <position x="350" y="30"/>
              <connectionPointOut formalParameter="">
                <relPosition x="30" y="40"/>
              </connectionPointOut>
            </step>
            <transition localId="2" height="10" width="20">
              <position x="370" y="120"/>
              <connectionPointIn>
                <relPosition x="10" y="0"/>
                <connection refLocalId="1">
                  <position x="380" y="120"/>
                  <position x="380" y="70"/>
                </connection>
              </connectionPointIn>
              <connectionPointOut>
                <relPosition x="10" y="10"/>
              </connectionPointOut>
              <condition>
                <inline name="">
                  <ST>
                    <xhtml:p><![CDATA[DCY]]></xhtml:p>
                  </ST>
                </inline>
              </condition>
            </transition>
            <step localId="3" name="Step1" initialStep="false" height="30" width="50">
              <position x="360" y="190"/>
              <connectionPointIn>
                <relPosition x="20" y="0"/>
                <connection refLocalId="2">
                  <position x="380" y="190"/>
                  <position x="380" y="130"/>
                </connection>
              </connectionPointIn>
              <connectionPointOut formalParameter="">
                <relPosition x="20" y="30"/>
              </connectionPointOut>
              <connectionPointOutAction formalParameter="">
                <relPosition x="50" y="10"/>
              </connectionPointOutAction>
            </step>
            <actionBlock localId="4" height="30" width="100">
              <position x="480" y="190"/>
              <connectionPointIn>
                <relPosition x="0" y="10"/>
                <connection refLocalId="3">
                  <position x="480" y="200"/>
                  <position x="410" y="200"/>
                </connection>
              </connectionPointIn>
              <action localId="0">
                <relPosition x="0" y="0"/>
                <reference name="LED1"/>
              </action>
            </actionBlock>
            <transition localId="8" height="10" width="20">
              <position x="380" y="270"/>
              <connectionPointIn>
                <relPosition x="10" y="0"/>
                <connection refLocalId="3">
                  <position x="390" y="270"/>
                  <position x="390" y="220"/>
                </connection>
              </connectionPointIn>
              <connectionPointOut>
                <relPosition x="10" y="10"/>
              </connectionPointOut>
              <condition>
                <connectionPointIn>
                  <connection refLocalId="9" formalParameter="Q">
                    <position x="380" y="280"/>
                    <position x="335" y="280"/>
                    <position x="335" y="240"/>
                    <position x="300" y="240"/>
                  </connection>
                </connectionPointIn>
              </condition>
            </transition>
            <block localId="9" typeName="TON" instanceName="TON0" height="60" width="50">
              <position x="250" y="210"/>
              <inputVariables>
                <variable formalParameter="IN">
                  <connectionPointIn>
                    <relPosition x="0" y="30"/>
                    <connection refLocalId="59">
                      <position x="250" y="240"/>
                      <position x="215" y="240"/>
                      <position x="215" y="220"/>
                      <position x="180" y="220"/>
                    </connection>
                  </connectionPointIn>
                </variable>
                <variable formalParameter="PT">
                  <connectionPointIn>
                    <relPosition x="0" y="50"/>
                    <connection refLocalId="5">
                      <position x="250" y="260"/>
                      <position x="190" y="260"/>
                    </connection>
                  </connectionPointIn>
                </variable>
              </inputVariables>
              <inOutVariables/>
              <outputVariables>
                <variable formalParameter="Q">
                  <connectionPointOut>
                    <relPosition x="50" y="30"/>
                  </connectionPointOut>
                </variable>
                <variable formalParameter="ET">
                  <connectionPointOut>
                    <relPosition x="50" y="50"/>
                  </connectionPointOut>
                </variable>
              </outputVariables>
            </block>
            <inVariable localId="5" height="30" width="80" negated="false" executionOrderId="0">
              <position x="110" y="240"/>
              <connectionPointOut>
                <relPosition x="80" y="20"/>
              </connectionPointOut>
              <expression>t#1500ms</expression>
            </inVariable>
            <step localId="6" name="Step2" initialStep="false" height="30" width="50" executionOrderId="0">
              <position x="370" y="310"/>
              <connectionPointIn>
                <relPosition x="20" y="0"/>
                <connection refLocalId="8">
                  <position x="390" y="310"/>
                  <position x="390" y="295"/>
                  <position x="390" y="295"/>
                  <position x="390" y="280"/>
                </connection>
              </connectionPointIn>
              <connectionPointOut formalParameter="">
                <relPosition x="20" y="30"/>
              </connectionPointOut>
              <connectionPointOutAction formalParameter="">
                <relPosition x="50" y="10"/>
              </connectionPointOutAction>
            </step>
            <actionBlock localId="7" height="50" width="100" executionOrderId="0">
              <position x="480" y="310"/>
              <connectionPointIn>
                <relPosition x="0" y="10"/>
                <connection refLocalId="6">
                  <position x="480" y="320"/>
                  <position x="420" y="320"/>
                </connection>
              </connectionPointIn>
              <action localId="0">
                <relPosition x="0" y="0"/>
                <reference name="LED1"/>
              </action>
              <action localId="0">
                <relPosition x="0" y="0"/>
                <reference name="LED2"/>
              </action>
            </actionBlock>
            <inVariable localId="11" height="30" width="80" negated="false" executionOrderId="0">
              <position x="110" y="360"/>
              <connectionPointOut>
                <relPosition x="80" y="10"/>
              </connectionPointOut>
              <expression>t#1500ms</expression>
            </inVariable>
            <transition localId="12" height="10" width="20" executionOrderId="0">
              <position x="380" y="390"/>
              <connectionPointIn>
                <relPosition x="10" y="0"/>
                <connection refLocalId="6">
                  <position x="390" y="390"/>
                  <position x="390" y="340"/>
                </connection>
              </connectionPointIn>
              <connectionPointOut>
                <relPosition x="10" y="10"/>
              </connectionPointOut>
              <condition>
                <connectionPointIn>
                  <connection refLocalId="13" formalParameter="Q">
                    <position x="380" y="400"/>
                    <position x="335" y="400"/>
                    <position x="335" y="360"/>
                    <position x="300" y="360"/>
                  </connection>
                </connectionPointIn>
              </condition>
            </transition>
            <block localId="13" typeName="TON" instanceName="TON1" height="60" width="50" executionOrderId="0">
              <position x="250" y="330"/>
              <inputVariables>
                <variable formalParameter="IN">
                  <connectionPointIn>
                    <relPosition x="0" y="30"/>
                    <connection refLocalId="14">
                      <position x="250" y="360"/>
                      <position x="230" y="360"/>
                      <position x="230" y="340"/>
                      <position x="211" y="340"/>
                    </connection>
                  </connectionPointIn>
                </variable>
                <variable formalParameter="PT">
                  <connectionPointIn>
                    <relPosition x="0" y="50"/>
                    <connection refLocalId="11">
                      <position x="250" y="380"/>
                      <position x="190" y="380"/>
                    </connection>
                  </connectionPointIn>
                </variable>
              </inputVariables>
              <inOutVariables/>
              <outputVariables>
                <variable formalParameter="Q">
                  <connectionPointOut>
                    <relPosition x="50" y="30"/>
                  </connectionPointOut>
                </variable>
                <variable formalParameter="ET">
                  <connectionPointOut>
                    <relPosition x="50" y="50"/>
                  </connectionPointOut>
                </variable>
              </outputVariables>
            </block>
            <step localId="15" name="Step3" initialStep="false" height="30" width="50" executionOrderId="0">
              <position x="370" y="430"/>
              <connectionPointIn>
                <relPosition x="30" y="0"/>
                <connection refLocalId="12">
                  <position x="400" y="430"/>
                  <position x="400" y="415"/>
                  <position x="390" y="415"/>
                  <position x="390" y="400"/>
                </connection>
              </connectionPointIn>
              <connectionPointOut formalParameter="">
                <relPosition x="30" y="30"/>
              </connectionPointOut>
              <connectionPointOutAction formalParameter="">
                <relPosition x="50" y="10"/>
              </connectionPointOutAction>
            </step>
            <inVariable localId="17" height="30" width="80" negated="false" executionOrderId="0">
              <position x="110" y="480"/>
              <connectionPointOut>
                <relPosition x="80" y="10"/>
              </connectionPointOut>
              <expression>t#1500ms</expression>
            </inVariable>
            <transition localId="18" height="10" width="20" executionOrderId="0">
              <position x="380" y="500"/>
              <connectionPointIn>
                <relPosition x="10" y="0"/>
                <connection refLocalId="15">
                  <position x="390" y="500"/>
                  <position x="390" y="460"/>
                </connection>
              </connectionPointIn>
              <connectionPointOut>
                <relPosition x="10" y="10"/>
              </connectionPointOut>
              <condition>
                <connectionPointIn>
                  <connection refLocalId="19" formalParameter="Q">
                    <position x="380" y="510"/>
                    <position x="335" y="510"/>
                    <position x="335" y="480"/>
                    <position x="300" y="480"/>
                  </connection>
                </connectionPointIn>
              </condition>
            </transition>
            <block localId="19" typeName="TON" instanceName="TON2" height="60" width="50" executionOrderId="0">
              <position x="250" y="450"/>
              <inputVariables>
                <variable formalParameter="IN">
                  <connectionPointIn>
                    <relPosition x="0" y="30"/>
                    <connection refLocalId="32">
                      <position x="250" y="480"/>
                      <position x="210" y="480"/>
                      <position x="210" y="450"/>
                      <position x="171" y="450"/>
                    </connection>
                  </connectionPointIn>
                </variable>
                <variable formalParameter="PT">
                  <connectionPointIn>
                    <relPosition x="0" y="50"/>
                    <connection refLocalId="17">
                      <position x="250" y="500"/>
                      <position x="190" y="500"/>
                    </connection>
                  </connectionPointIn>
                </variable>
              </inputVariables>
              <inOutVariables/>
              <outputVariables>
                <variable formalParameter="Q">
                  <connectionPointOut>
                    <relPosition x="50" y="30"/>
                  </connectionPointOut>
                </variable>
                <variable formalParameter="ET">
                  <connectionPointOut>
                    <relPosition x="50" y="50"/>
                  </connectionPointOut>
                </variable>
              </outputVariables>
            </block>
            <step localId="21" name="Step4" initialStep="false" height="30" width="50" executionOrderId="0">
              <position x="360" y="560"/>
              <connectionPointIn>
                <relPosition x="30" y="0"/>
                <connection refLocalId="18">
                  <position x="390" y="560"/>
                  <position x="390" y="510"/>
                </connection>
              </connectionPointIn>
              <connectionPointOut formalParameter="">
                <relPosition x="30" y="30"/>
              </connectionPointOut>
              <connectionPointOutAction formalParameter="">
                <relPosition x="50" y="20"/>
              </connectionPointOutAction>
            </step>
            <inVariable localId="23" height="30" width="80" negated="false" executionOrderId="0">
              <position x="100" y="610"/>
              <connectionPointOut>
                <relPosition x="80" y="10"/>
              </connectionPointOut>
              <expression>t#1500ms</expression>
            </inVariable>
            <transition localId="24" height="10" width="20" executionOrderId="0">
              <position x="380" y="640"/>
              <connectionPointIn>
                <relPosition x="10" y="0"/>
                <connection refLocalId="21">
                  <position x="390" y="640"/>
                  <position x="390" y="590"/>
                </connection>
              </connectionPointIn>
              <connectionPointOut>
                <relPosition x="10" y="10"/>
              </connectionPointOut>
              <condition>
                <connectionPointIn>
                  <connection refLocalId="25" formalParameter="Q">
                    <position x="380" y="640"/>
                    <position x="325" y="640"/>
                    <position x="325" y="610"/>
                    <position x="290" y="610"/>
                  </connection>
                </connectionPointIn>
              </condition>
            </transition>
            <block localId="25" typeName="TON" instanceName="TON3" height="60" width="50" executionOrderId="0">
              <position x="240" y="580"/>
              <inputVariables>
                <variable formalParameter="IN">
                  <connectionPointIn>
                    <relPosition x="0" y="30"/>
                    <connection refLocalId="44">
                      <position x="240" y="610"/>
                      <position x="215" y="610"/>
                      <position x="215" y="580"/>
                      <position x="191" y="580"/>
                    </connection>
                  </connectionPointIn>
                </variable>
                <variable formalParameter="PT">
                  <connectionPointIn>
                    <relPosition x="0" y="50"/>
                    <connection refLocalId="23">
                      <position x="240" y="630"/>
                      <position x="210" y="630"/>
                      <position x="210" y="620"/>
                      <position x="180" y="620"/>
                    </connection>
                  </connectionPointIn>
                </variable>
              </inputVariables>
              <inOutVariables/>
              <outputVariables>
                <variable formalParameter="Q">
                  <connectionPointOut>
                    <relPosition x="50" y="30"/>
                  </connectionPointOut>
                </variable>
                <variable formalParameter="ET">
                  <connectionPointOut>
                    <relPosition x="50" y="50"/>
                  </connectionPointOut>
                </variable>
              </outputVariables>
            </block>
            <step localId="27" name="Step5" initialStep="false" height="30" width="50" executionOrderId="0">
              <position x="370" y="690"/>
              <connectionPointIn>
                <relPosition x="20" y="0"/>
                <connection refLocalId="24">
                  <position x="390" y="690"/>
                  <position x="390" y="650"/>
                </connection>
              </connectionPointIn>
              <connectionPointOut formalParameter="">
                <relPosition x="20" y="30"/>
              </connectionPointOut>
              <connectionPointOutAction formalParameter="">
                <relPosition x="50" y="10"/>
              </connectionPointOutAction>
            </step>
            <actionBlock localId="28" height="30" width="100" executionOrderId="0">
              <position x="460" y="680"/>
              <connectionPointIn>
                <relPosition x="0" y="20"/>
                <connection refLocalId="27">
                  <position x="460" y="700"/>
                  <position x="420" y="700"/>
                </connection>
              </connectionPointIn>
              <action localId="0">
                <relPosition x="0" y="0"/>
                <reference name="LED4"/>
              </action>
            </actionBlock>
            <inVariable localId="29" height="30" width="80" negated="false" executionOrderId="0">
              <position x="90" y="730"/>
              <connectionPointOut>
                <relPosition x="80" y="10"/>
              </connectionPointOut>
              <expression>t#1500ms</expression>
            </inVariable>
            <transition localId="30" height="10" width="20" executionOrderId="0">
              <position x="380" y="760"/>
              <connectionPointIn>
                <relPosition x="10" y="0"/>
                <connection refLocalId="27">
                  <position x="390" y="760"/>
                  <position x="390" y="720"/>
                </connection>
              </connectionPointIn>
              <connectionPointOut>
                <relPosition x="10" y="10"/>
              </connectionPointOut>
              <condition>
                <connectionPointIn>
                  <connection refLocalId="31" formalParameter="Q">
                    <position x="380" y="760"/>
                    <position x="315" y="760"/>
                    <position x="315" y="730"/>
                    <position x="280" y="730"/>
                  </connection>
                </connectionPointIn>
              </condition>
            </transition>
            <block localId="31" typeName="TON" instanceName="TON4" height="60" width="50" executionOrderId="0">
              <position x="230" y="700"/>
              <inputVariables>
                <variable formalParameter="IN">
                  <connectionPointIn>
                    <relPosition x="0" y="30"/>
                    <connection refLocalId="67">
                      <position x="230" y="730"/>
                      <position x="185" y="730"/>
                      <position x="185" y="710"/>
                      <position x="141" y="710"/>
                    </connection>
                  </connectionPointIn>
                </variable>
                <variable formalParameter="PT">
                  <connectionPointIn>
                    <relPosition x="0" y="50"/>
                    <connection refLocalId="29">
                      <position x="230" y="750"/>
                      <position x="200" y="750"/>
                      <position x="200" y="740"/>
                      <position x="170" y="740"/>
                    </connection>
                  </connectionPointIn>
                </variable>
              </inputVariables>
              <inOutVariables/>
              <outputVariables>
                <variable formalParameter="Q">
                  <connectionPointOut>
                    <relPosition x="50" y="30"/>
                  </connectionPointOut>
                </variable>
                <variable formalParameter="ET">
                  <connectionPointOut>
                    <relPosition x="50" y="50"/>
                  </connectionPointOut>
                </variable>
              </outputVariables>
            </block>
            <step localId="33" name="Step6" initialStep="false" height="30" width="50" executionOrderId="0">
              <position x="360" y="800"/>
              <connectionPointIn>
                <relPosition x="30" y="0"/>
                <connection refLocalId="30">
                  <position x="390" y="800"/>
                  <position x="390" y="770"/>
                </connection>
              </connectionPointIn>
              <connectionPointOut formalParameter="">
                <relPosition x="30" y="30"/>
              </connectionPointOut>
              <connectionPointOutAction formalParameter="">
                <relPosition x="50" y="10"/>
              </connectionPointOutAction>
            </step>
            <inVariable localId="35" height="30" width="80" negated="false" executionOrderId="0">
              <position x="80" y="860"/>
              <connectionPointOut>
                <relPosition x="80" y="20"/>
              </connectionPointOut>
              <expression>t#1500ms</expression>
            </inVariable>
            <transition localId="36" height="10" width="20" executionOrderId="0">
              <position x="380" y="870"/>
              <connectionPointIn>
                <relPosition x="10" y="0"/>
                <connection refLocalId="33">
                  <position x="390" y="870"/>
                  <position x="390" y="830"/>
                </connection>
              </connectionPointIn>
              <connectionPointOut>
                <relPosition x="10" y="10"/>
              </connectionPointOut>
              <condition>
                <connectionPointIn>
                  <connection refLocalId="37" formalParameter="Q">
                    <position x="380" y="870"/>
                    <position x="305" y="870"/>
                    <position x="305" y="860"/>
                    <position x="270" y="860"/>
                  </connection>
                </connectionPointIn>
              </condition>
            </transition>
            <block localId="37" typeName="TON" instanceName="TON5" height="60" width="50" executionOrderId="0">
              <position x="220" y="830"/>
              <inputVariables>
                <variable formalParameter="IN">
                  <connectionPointIn>
                    <relPosition x="0" y="30"/>
                    <connection refLocalId="65">
                      <position x="220" y="860"/>
                      <position x="190" y="860"/>
                      <position x="190" y="840"/>
                      <position x="161" y="840"/>
                    </connection>
                  </connectionPointIn>
                </variable>
                <variable formalParameter="PT">
                  <connectionPointIn>
                    <relPosition x="0" y="50"/>
                    <connection refLocalId="35">
                      <position x="220" y="880"/>
                      <position x="160" y="880"/>
                    </connection>
                  </connectionPointIn>
                </variable>
              </inputVariables>
              <inOutVariables/>
              <outputVariables>
                <variable formalParameter="Q">
                  <connectionPointOut>
                    <relPosition x="50" y="30"/>
                  </connectionPointOut>
                </variable>
                <variable formalParameter="ET">
                  <connectionPointOut>
                    <relPosition x="50" y="50"/>
                  </connectionPointOut>
                </variable>
              </outputVariables>
            </block>
            <actionBlock localId="16" height="50" width="100" executionOrderId="0">
              <position x="480" y="420"/>
              <connectionPointIn>
                <relPosition x="0" y="20"/>
                <connection refLocalId="15">
                  <position x="480" y="440"/>
                  <position x="420" y="440"/>
                </connection>
              </connectionPointIn>
              <action localId="0">
                <relPosition x="0" y="0"/>
                <reference name="LED3"/>
              </action>
              <action localId="0">
                <relPosition x="0" y="0"/>
                <reference name="LED2"/>
              </action>
            </actionBlock>
            <actionBlock localId="22" height="50" width="100" executionOrderId="0">
              <position x="480" y="560"/>
              <connectionPointIn>
                <relPosition x="0" y="20"/>
                <connection refLocalId="21">
                  <position x="480" y="580"/>
                  <position x="410" y="580"/>
                </connection>
              </connectionPointIn>
              <action localId="0">
                <relPosition x="0" y="0"/>
                <reference name="LED3"/>
              </action>
              <action localId="0">
                <relPosition x="0" y="0"/>
                <reference name="LED4"/>
              </action>
            </actionBlock>
            <actionBlock localId="34" height="50" width="100" executionOrderId="0">
              <position x="460" y="800"/>
              <connectionPointIn>
                <relPosition x="0" y="20"/>
                <connection refLocalId="33">
                  <position x="460" y="820"/>
                  <position x="440" y="820"/>
                  <position x="440" y="810"/>
                  <position x="410" y="810"/>
                </connection>
              </connectionPointIn>
              <action localId="0">
                <relPosition x="0" y="0"/>
                <reference name="LED3"/>
              </action>
              <action localId="0">
                <relPosition x="0" y="0"/>
                <reference name="LED4"/>
              </action>
            </actionBlock>
            <step localId="39" name="Step7" initialStep="false" height="30" width="50" executionOrderId="0">
              <position x="370" y="920"/>
              <connectionPointIn>
                <relPosition x="20" y="0"/>
                <connection refLocalId="36">
                  <position x="390" y="920"/>
                  <position x="390" y="880"/>
                </connection>
              </connectionPointIn>
              <connectionPointOut formalParameter="">
                <relPosition x="20" y="30"/>
              </connectionPointOut>
              <connectionPointOutAction formalParameter="">
                <relPosition x="50" y="20"/>
              </connectionPointOutAction>
            </step>
            <actionBlock localId="40" height="50" width="100" executionOrderId="0">
              <position x="470" y="910"/>
              <connectionPointIn>
                <relPosition x="0" y="10"/>
                <connection refLocalId="39">
                  <position x="470" y="920"/>
                  <position x="440" y="920"/>
                  <position x="440" y="940"/>
                  <position x="420" y="940"/>
                </connection>
              </connectionPointIn>
              <action localId="0">
                <relPosition x="0" y="0"/>
                <reference name="LED3"/>
              </action>
              <action localId="0">
                <relPosition x="0" y="0"/>
                <reference name="LED2"/>
              </action>
            </actionBlock>
            <inVariable localId="41" height="30" width="80" negated="false" executionOrderId="0">
              <position x="90" y="970"/>
              <connectionPointOut>
                <relPosition x="80" y="20"/>
              </connectionPointOut>
              <expression>t#1500ms</expression>
            </inVariable>
            <transition localId="42" height="10" width="20" executionOrderId="0">
              <position x="380" y="990"/>
              <connectionPointIn>
                <relPosition x="10" y="0"/>
                <connection refLocalId="39">
                  <position x="390" y="990"/>
                  <position x="390" y="950"/>
                </connection>
              </connectionPointIn>
              <connectionPointOut>
                <relPosition x="10" y="10"/>
              </connectionPointOut>
              <condition>
                <connectionPointIn>
                  <connection refLocalId="43" formalParameter="Q">
                    <position x="380" y="1000"/>
                    <position x="315" y="1000"/>
                    <position x="315" y="970"/>
                    <position x="280" y="970"/>
                  </connection>
                </connectionPointIn>
              </condition>
            </transition>
            <block localId="43" typeName="TON" instanceName="TON6" height="60" width="50" executionOrderId="0">
              <position x="230" y="940"/>
              <inputVariables>
                <variable formalParameter="IN">
                  <connectionPointIn>
                    <relPosition x="0" y="30"/>
                    <connection refLocalId="63">
                      <position x="230" y="970"/>
                      <position x="190" y="970"/>
                      <position x="190" y="940"/>
                      <position x="151" y="940"/>
                    </connection>
                  </connectionPointIn>
                </variable>
                <variable formalParameter="PT">
                  <connectionPointIn>
                    <relPosition x="0" y="50"/>
                    <connection refLocalId="41">
                      <position x="230" y="990"/>
                      <position x="200" y="990"/>
                      <position x="200" y="980"/>
                      <position x="170" y="980"/>
                    </connection>
                  </connectionPointIn>
                </variable>
              </inputVariables>
              <inOutVariables/>
              <outputVariables>
                <variable formalParameter="Q">
                  <connectionPointOut>
                    <relPosition x="50" y="30"/>
                  </connectionPointOut>
                </variable>
                <variable formalParameter="ET">
                  <connectionPointOut>
                    <relPosition x="50" y="50"/>
                  </connectionPointOut>
                </variable>
              </outputVariables>
            </block>
            <step localId="45" name="Step8" initialStep="false" height="30" width="50" executionOrderId="0">
              <position x="370" y="1030"/>
              <connectionPointIn>
                <relPosition x="20" y="0"/>
                <connection refLocalId="42">
                  <position x="390" y="1030"/>
                  <position x="390" y="1000"/>
                </connection>
              </connectionPointIn>
              <connectionPointOut formalParameter="">
                <relPosition x="20" y="30"/>
              </connectionPointOut>
              <connectionPointOutAction formalParameter="">
                <relPosition x="50" y="10"/>
              </connectionPointOutAction>
            </step>
            <actionBlock localId="46" height="50" width="100" executionOrderId="0">
              <position x="470" y="1020"/>
              <connectionPointIn>
                <relPosition x="0" y="20"/>
                <connection refLocalId="45">
                  <position x="470" y="1040"/>
                  <position x="420" y="1040"/>
                </connection>
              </connectionPointIn>
              <action localId="0">
                <relPosition x="0" y="0"/>
                <reference name="LED2"/>
              </action>
              <action localId="0">
                <relPosition x="0" y="0"/>
                <reference name="LED1"/>
              </action>
            </actionBlock>
            <inVariable localId="47" height="30" width="80" negated="false" executionOrderId="0">
              <position x="90" y="1080"/>
              <connectionPointOut>
                <relPosition x="80" y="20"/>
              </connectionPointOut>
              <expression>t#1500ms</expression>
            </inVariable>
            <transition localId="48" height="10" width="20" executionOrderId="0">
              <position x="380" y="1100"/>
              <connectionPointIn>
                <relPosition x="10" y="0"/>
                <connection refLocalId="45">
                  <position x="390" y="1100"/>
                  <position x="390" y="1060"/>
                </connection>
              </connectionPointIn>
              <connectionPointOut>
                <relPosition x="10" y="10"/>
              </connectionPointOut>
              <condition>
                <connectionPointIn>
                  <connection refLocalId="49" formalParameter="Q">
                    <position x="380" y="1100"/>
                    <position x="315" y="1100"/>
                    <position x="315" y="1080"/>
                    <position x="280" y="1080"/>
                  </connection>
                </connectionPointIn>
              </condition>
            </transition>
            <block localId="49" typeName="TON" instanceName="TON7" height="60" width="50" executionOrderId="0">
              <position x="230" y="1050"/>
              <inputVariables>
                <variable formalParameter="IN">
                  <connectionPointIn>
                    <relPosition x="0" y="30"/>
                    <connection refLocalId="61">
                      <position x="230" y="1080"/>
                      <position x="200" y="1080"/>
                      <position x="200" y="1030"/>
                      <position x="171" y="1030"/>
                    </connection>
                  </connectionPointIn>
                </variable>
                <variable formalParameter="PT">
                  <connectionPointIn>
                    <relPosition x="0" y="50"/>
                    <connection refLocalId="47">
                      <position x="230" y="1100"/>
                      <position x="170" y="1100"/>
                    </connection>
                  </connectionPointIn>
                </variable>
              </inputVariables>
              <inOutVariables/>
              <outputVariables>
                <variable formalParameter="Q">
                  <connectionPointOut>
                    <relPosition x="50" y="30"/>
                  </connectionPointOut>
                </variable>
                <variable formalParameter="ET">
                  <connectionPointOut>
                    <relPosition x="50" y="50"/>
                  </connectionPointOut>
                </variable>
              </outputVariables>
            </block>
            <step localId="51" name="Step9" initialStep="false" height="30" width="50" executionOrderId="0">
              <position x="360" y="1140"/>
              <connectionPointIn>
                <relPosition x="30" y="0"/>
                <connection refLocalId="48">
                  <position x="390" y="1140"/>
                  <position x="390" y="1110"/>
                </connection>
              </connectionPointIn>
              <connectionPointOut formalParameter="">
                <relPosition x="30" y="30"/>
              </connectionPointOut>
              <connectionPointOutAction formalParameter="">
                <relPosition x="50" y="20"/>
              </connectionPointOutAction>
            </step>
            <actionBlock localId="52" height="50" width="100" executionOrderId="0">
              <position x="480" y="1150"/>
              <connectionPointIn>
                <relPosition x="0" y="10"/>
                <connection refLocalId="51">
                  <position x="480" y="1160"/>
                  <position x="410" y="1160"/>
                </connection>
              </connectionPointIn>
              <action localId="0">
                <relPosition x="0" y="0"/>
                <reference name="LED1"/>
              </action>
            </actionBlock>
            <inVariable localId="53" height="30" width="80" negated="false" executionOrderId="0">
              <position x="100" y="1190"/>
              <connectionPointOut>
                <relPosition x="80" y="10"/>
              </connectionPointOut>
              <expression>t#1500ms</expression>
            </inVariable>
            <transition localId="54" height="10" width="20" executionOrderId="0">
              <position x="380" y="1210"/>
              <connectionPointIn>
                <relPosition x="10" y="0"/>
                <connection refLocalId="51">
                  <position x="390" y="1210"/>
                  <position x="390" y="1170"/>
                </connection>
              </connectionPointIn>
              <connectionPointOut>
                <relPosition x="10" y="10"/>
              </connectionPointOut>
              <condition>
                <connectionPointIn>
                  <connection refLocalId="55" formalParameter="Q">
                    <position x="380" y="1220"/>
                    <position x="325" y="1220"/>
                    <position x="325" y="1190"/>
                    <position x="290" y="1190"/>
                  </connection>
                </connectionPointIn>
              </condition>
            </transition>
            <block localId="55" typeName="TON" instanceName="TON8" height="60" width="50" executionOrderId="0">
              <position x="240" y="1160"/>
              <inputVariables>
                <variable formalParameter="IN">
                  <connectionPointIn>
                    <relPosition x="0" y="30"/>
                    <connection refLocalId="56">
                      <position x="240" y="1190"/>
                      <position x="210" y="1190"/>
                      <position x="210" y="1170"/>
                      <position x="181" y="1170"/>
                    </connection>
                  </connectionPointIn>
                </variable>
                <variable formalParameter="PT">
                  <connectionPointIn>
                    <relPosition x="0" y="50"/>
                    <connection refLocalId="53">
                      <position x="240" y="1210"/>
                      <position x="210" y="1210"/>
                      <position x="210" y="1200"/>
                      <position x="180" y="1200"/>
                    </connection>
                  </connectionPointIn>
                </variable>
              </inputVariables>
              <inOutVariables/>
              <outputVariables>
                <variable formalParameter="Q">
                  <connectionPointOut>
                    <relPosition x="50" y="30"/>
                  </connectionPointOut>
                </variable>
                <variable formalParameter="ET">
                  <connectionPointOut>
                    <relPosition x="50" y="50"/>
                  </connectionPointOut>
                </variable>
              </outputVariables>
            </block>
            <jumpStep localId="57" targetName="Step0" height="20" width="20">
              <position x="380" y="1260"/>
              <connectionPointIn>
                <relPosition x="10" y="0"/>
                <connection refLocalId="54">
                  <position x="390" y="1260"/>
                  <position x="390" y="1220"/>
                </connection>
              </connectionPointIn>
            </jumpStep>
            <leftPowerRail localId="58" height="40" width="10">
              <position x="120" y="200"/>
              <connectionPointOut formalParameter="">
                <relPosition x="10" y="20"/>
              </connectionPointOut>
            </leftPowerRail>
            <contact localId="59" height="20" width="21" negated="false">
              <position x="160" y="210"/>
              <connectionPointIn>
                <relPosition x="0" y="10"/>
                <connection refLocalId="58">
                  <position x="160" y="220"/>
                  <position x="130" y="220"/>
                </connection>
              </connectionPointIn>
              <connectionPointOut>
                <relPosition x="21" y="10"/>
              </connectionPointOut>
              <variable>LED1</variable>
            </contact>
            <contact localId="10" height="20" width="21" negated="false" executionOrderId="0">
              <position x="140" y="330"/>
              <connectionPointIn>
                <relPosition x="0" y="10"/>
                <connection refLocalId="20">
                  <position x="140" y="340"/>
                  <position x="110" y="340"/>
                </connection>
              </connectionPointIn>
              <connectionPointOut>
                <relPosition x="21" y="10"/>
              </connectionPointOut>
              <variable>LED1</variable>
            </contact>
            <contact localId="14" height="20" width="21" negated="false" executionOrderId="0">
              <position x="190" y="330"/>
              <connectionPointIn>
                <relPosition x="0" y="10"/>
                <connection refLocalId="10">
                  <position x="190" y="340"/>
                  <position x="161" y="340"/>
                </connection>
              </connectionPointIn>
              <connectionPointOut>
                <relPosition x="21" y="10"/>
              </connectionPointOut>
              <variable>LED2</variable>
            </contact>
            <leftPowerRail localId="20" height="40" width="10" executionOrderId="0">
              <position x="100" y="320"/>
              <connectionPointOut formalParameter="">
                <relPosition x="10" y="20"/>
              </connectionPointOut>
            </leftPowerRail>
            <contact localId="26" height="20" width="21" negated="false" executionOrderId="0">
              <position x="100" y="440"/>
              <connectionPointIn>
                <relPosition x="0" y="10"/>
                <connection refLocalId="68">
                  <position x="100" y="450"/>
                  <position x="70" y="450"/>
                </connection>
              </connectionPointIn>
              <connectionPointOut>
                <relPosition x="21" y="10"/>
              </connectionPointOut>
              <variable>LED2</variable>
            </contact>
            <contact localId="32" height="20" width="21" negated="false" executionOrderId="0">
              <position x="150" y="440"/>
              <connectionPointIn>
                <relPosition x="0" y="10"/>
                <connection refLocalId="26">
                  <position x="150" y="450"/>
                  <position x="121" y="450"/>
                </connection>
                <connection refLocalId="26">
                  <position x="150" y="450"/>
                  <position x="121" y="450"/>
                </connection>
              </connectionPointIn>
              <connectionPointOut>
                <relPosition x="21" y="10"/>
              </connectionPointOut>
              <variable>LED3</variable>
            </contact>
            <contact localId="38" height="20" width="21" negated="false" executionOrderId="0">
              <position x="120" y="570"/>
              <connectionPointIn>
                <relPosition x="0" y="10"/>
                <connection refLocalId="69">
                  <position x="120" y="580"/>
                  <position x="90" y="580"/>
                </connection>
              </connectionPointIn>
              <connectionPointOut>
                <relPosition x="21" y="10"/>
              </connectionPointOut>
              <variable>LED3</variable>
            </contact>
            <contact localId="44" height="20" width="21" negated="false" executionOrderId="0">
              <position x="170" y="570"/>
              <connectionPointIn>
                <relPosition x="0" y="10"/>
                <connection refLocalId="38">
                  <position x="170" y="580"/>
                  <position x="141" y="580"/>
                </connection>
              </connectionPointIn>
              <connectionPointOut>
                <relPosition x="21" y="10"/>
              </connectionPointOut>
              <variable>LED4</variable>
            </contact>
            <contact localId="50" height="20" width="21" negated="false" executionOrderId="0">
              <position x="100" y="1160"/>
              <connectionPointIn>
                <relPosition x="0" y="10"/>
                <connection refLocalId="74">
                  <position x="100" y="1170"/>
                  <position x="80" y="1170"/>
                </connection>
                <connection refLocalId="74">
                  <position x="100" y="1170"/>
                  <position x="80" y="1170"/>
                </connection>
              </connectionPointIn>
              <connectionPointOut>
                <relPosition x="21" y="10"/>
              </connectionPointOut>
              <variable>LED1</variable>
            </contact>
            <contact localId="60" height="20" width="21" negated="false" executionOrderId="0">
              <position x="100" y="1020"/>
              <connectionPointIn>
                <relPosition x="0" y="10"/>
                <connection refLocalId="73">
                  <position x="100" y="1030"/>
                  <position x="80" y="1030"/>
                </connection>
              </connectionPointIn>
              <connectionPointOut>
                <relPosition x="21" y="10"/>
              </connectionPointOut>
              <variable>LED1</variable>
            </contact>
            <contact localId="61" height="20" width="21" negated="false" executionOrderId="0">
              <position x="150" y="1020"/>
              <connectionPointIn>
                <relPosition x="0" y="10"/>
                <connection refLocalId="60">
                  <position x="150" y="1030"/>
                  <position x="121" y="1030"/>
                </connection>
              </connectionPointIn>
              <connectionPointOut>
                <relPosition x="21" y="10"/>
              </connectionPointOut>
              <variable>LED2</variable>
            </contact>
            <contact localId="62" height="20" width="21" negated="false" executionOrderId="0">
              <position x="80" y="930"/>
              <connectionPointIn>
                <relPosition x="0" y="10"/>
                <connection refLocalId="72">
                  <position x="80" y="940"/>
                  <position x="50" y="940"/>
                </connection>
              </connectionPointIn>
              <connectionPointOut>
                <relPosition x="21" y="10"/>
              </connectionPointOut>
              <variable>LED3</variable>
            </contact>
            <contact localId="63" height="20" width="21" negated="false" executionOrderId="0">
              <position x="130" y="930"/>
              <connectionPointIn>
                <relPosition x="0" y="10"/>
                <connection refLocalId="62">
                  <position x="130" y="940"/>
                  <position x="101" y="940"/>
                </connection>
              </connectionPointIn>
              <connectionPointOut>
                <relPosition x="21" y="10"/>
              </connectionPointOut>
              <variable>LED2</variable>
            </contact>
            <contact localId="64" height="20" width="21" negated="false" executionOrderId="0">
              <position x="90" y="830"/>
              <connectionPointIn>
                <relPosition x="0" y="10"/>
                <connection refLocalId="71">
                  <position x="90" y="840"/>
                  <position x="60" y="840"/>
                </connection>
              </connectionPointIn>
              <connectionPointOut>
                <relPosition x="21" y="10"/>
              </connectionPointOut>
              <variable>LED3</variable>
            </contact>
            <contact localId="65" height="20" width="21" negated="false" executionOrderId="0">
              <position x="140" y="830"/>
              <connectionPointIn>
                <relPosition x="0" y="10"/>
                <connection refLocalId="64">
                  <position x="140" y="840"/>
                  <position x="111" y="840"/>
                </connection>
              </connectionPointIn>
              <connectionPointOut>
                <relPosition x="21" y="10"/>
              </connectionPointOut>
              <variable>LED4</variable>
            </contact>
            <contact localId="66" height="20" width="21" negated="false" executionOrderId="0">
              <position x="60" y="700"/>
              <connectionPointIn>
                <relPosition x="0" y="10"/>
                <connection refLocalId="70">
                  <position x="60" y="710"/>
                  <position x="40" y="710"/>
                </connection>
              </connectionPointIn>
              <connectionPointOut>
                <relPosition x="21" y="10"/>
              </connectionPointOut>
              <variable>LED4</variable>
            </contact>
            <leftPowerRail localId="68" height="40" width="10" executionOrderId="0">
              <position x="60" y="430"/>
              <connectionPointOut formalParameter="">
                <relPosition x="10" y="20"/>
              </connectionPointOut>
            </leftPowerRail>
            <leftPowerRail localId="69" height="40" width="10" executionOrderId="0">
              <position x="80" y="560"/>
              <connectionPointOut formalParameter="">
                <relPosition x="10" y="20"/>
              </connectionPointOut>
            </leftPowerRail>
            <leftPowerRail localId="70" height="40" width="10" executionOrderId="0">
              <position x="30" y="690"/>
              <connectionPointOut formalParameter="">
                <relPosition x="10" y="20"/>
              </connectionPointOut>
            </leftPowerRail>
            <leftPowerRail localId="71" height="40" width="10" executionOrderId="0">
              <position x="50" y="820"/>
              <connectionPointOut formalParameter="">
                <relPosition x="10" y="20"/>
              </connectionPointOut>
            </leftPowerRail>
            <leftPowerRail localId="72" height="40" width="10" executionOrderId="0">
              <position x="40" y="920"/>
              <connectionPointOut formalParameter="">
                <relPosition x="10" y="20"/>
              </connectionPointOut>
            </leftPowerRail>
            <leftPowerRail localId="73" height="40" width="10" executionOrderId="0">
              <position x="70" y="1010"/>
              <connectionPointOut formalParameter="">
                <relPosition x="10" y="20"/>
              </connectionPointOut>
            </leftPowerRail>
            <leftPowerRail localId="74" height="40" width="20" executionOrderId="0">
              <position x="60" y="1150"/>
              <connectionPointOut formalParameter="">
                <relPosition x="20" y="20"/>
              </connectionPointOut>
            </leftPowerRail>
            <contact localId="56" height="20" width="21" negated="true" executionOrderId="0">
              <position x="160" y="1160"/>
              <connectionPointIn>
                <relPosition x="0" y="10"/>
                <connection refLocalId="50">
                  <position x="160" y="1170"/>
                  <position x="121" y="1170"/>
                </connection>
              </connectionPointIn>
              <connectionPointOut>
                <relPosition x="21" y="10"/>
              </connectionPointOut>
              <variable>LED2</variable>
            </contact>
            <contact localId="67" height="20" width="21" negated="true" executionOrderId="0">
              <position x="120" y="700"/>
              <connectionPointIn>
                <relPosition x="0" y="10"/>
                <connection refLocalId="66">
                  <position x="120" y="710"/>
                  <position x="81" y="710"/>
                </connection>
              </connectionPointIn>
              <connectionPointOut>
                <relPosition x="21" y="10"/>
              </connectionPointOut>
              <variable>LED3</variable>
            </contact>
            <step localId="79" name="AUTO1" initialStep="true" height="30" width="70">
              <position x="620" y="30"/>
              <connectionPointOut formalParameter="">
                <relPosition x="40" y="30"/>
              </connectionPointOut>
            </step>
            <transition localId="81" height="10" width="20">
              <position x="650" y="100"/>
              <connectionPointIn>
                <relPosition x="10" y="0"/>
                <connection refLocalId="79">
                  <position x="660" y="100"/>
                  <position x="660" y="60"/>
                </connection>
              </connectionPointIn>
              <connectionPointOut>
                <relPosition x="10" y="10"/>
              </connectionPointOut>
              <condition>
                <inline name="">
                  <ST>
                    <xhtml:p><![CDATA[BP1]]></xhtml:p>
                  </ST>
                </inline>
              </condition>
            </transition>
            <transition localId="75" height="10" width="20" executionOrderId="0">
              <position x="890" y="90"/>
              <connectionPointIn>
                <relPosition x="10" y="0"/>
                <connection refLocalId="93">
                  <position x="900" y="90"/>
                  <position x="900" y="60"/>
                </connection>
              </connectionPointIn>
              <connectionPointOut>
                <relPosition x="10" y="10"/>
              </connectionPointOut>
              <condition>
                <inline name="">
                  <ST>
                    <xhtml:p><![CDATA[BP2]]></xhtml:p>
                  </ST>
                </inline>
              </condition>
            </transition>
            <step localId="82" name="AUTO2" initialStep="false" height="30" width="60">
              <position x="630" y="150"/>
              <connectionPointIn>
                <relPosition x="30" y="0"/>
                <connection refLocalId="81">
                  <position x="660" y="150"/>
                  <position x="660" y="110"/>
                </connection>
              </connectionPointIn>
              <connectionPointOut formalParameter="">
                <relPosition x="30" y="30"/>
              </connectionPointOut>
              <connectionPointOutAction formalParameter="">
                <relPosition x="60" y="10"/>
              </connectionPointOutAction>
            </step>
            <step localId="76" name="Cycle2" initialStep="false" height="30" width="60" executionOrderId="0">
              <position x="870" y="120"/>
              <connectionPointIn>
                <relPosition x="30" y="0"/>
                <connection refLocalId="75">
                  <position x="900" y="120"/>
                  <position x="900" y="110"/>
                  <position x="900" y="110"/>
                  <position x="900" y="100"/>
                </connection>
              </connectionPointIn>
              <connectionPointOut formalParameter="">
                <relPosition x="30" y="30"/>
              </connectionPointOut>
              <connectionPointOutAction formalParameter="">
                <relPosition x="60" y="20"/>
              </connectionPointOutAction>
            </step>
            <actionBlock localId="77" height="50" width="100" executionOrderId="0">
              <position x="720" y="140"/>
              <connectionPointIn>
                <relPosition x="0" y="20"/>
                <connection refLocalId="82">
                  <position x="720" y="160"/>
                  <position x="690" y="160"/>
                </connection>
              </connectionPointIn>
              <action localId="0" qualifier="S">
                <relPosition x="0" y="0"/>
                <reference name="DCY"/>
              </action>
            </actionBlock>
            <actionBlock localId="78" height="30" width="100" executionOrderId="0">
              <position x="980" y="120"/>
              <connectionPointIn>
                <relPosition x="0" y="20"/>
                <connection refLocalId="76">
                  <position x="980" y="140"/>
                  <position x="930" y="140"/>
                </connection>
              </connectionPointIn>
              <action localId="0">
                <relPosition x="0" y="0"/>
                <reference name="DCY"/>
              </action>
            </actionBlock>
            <transition localId="83" height="10" width="20">
              <position x="650" y="210"/>
              <connectionPointIn>
                <relPosition x="10" y="0"/>
                <connection refLocalId="82">
                  <position x="660" y="210"/>
                  <position x="660" y="180"/>
                </connection>
              </connectionPointIn>
              <connectionPointOut>
                <relPosition x="10" y="10"/>
              </connectionPointOut>
              <condition>
                <inline name="">
                  <ST>
                    <xhtml:p><![CDATA[DCY]]></xhtml:p>
                  </ST>
                </inline>
              </condition>
            </transition>
            <jumpStep localId="86" targetName="Cycle1" height="20" width="20" executionOrderId="0">
              <position x="890" y="290"/>
              <connectionPointIn>
                <relPosition x="10" y="0"/>
                <connection refLocalId="94">
                  <position x="900" y="290"/>
                  <position x="900" y="210"/>
                </connection>
              </connectionPointIn>
            </jumpStep>
            <jumpStep localId="91" targetName="AUTO1" height="20" width="20">
              <position x="650" y="290"/>
              <connectionPointIn>
                <relPosition x="10" y="0"/>
                <connection refLocalId="83">
                  <position x="660" y="290"/>
                  <position x="660" y="220"/>
                </connection>
              </connectionPointIn>
            </jumpStep>
            <step localId="93" name="Cycle1" initialStep="true" height="30" width="70">
              <position x="860" y="30"/>
              <connectionPointOut formalParameter="">
                <relPosition x="40" y="30"/>
              </connectionPointOut>
            </step>
            <transition localId="94" height="10" width="20">
              <position x="890" y="200"/>
              <connectionPointIn>
                <relPosition x="10" y="0"/>
                <connection refLocalId="76">
                  <position x="900" y="200"/>
                  <position x="900" y="150"/>
                </connection>
              </connectionPointIn>
              <connectionPointOut>
                <relPosition x="10" y="10"/>
              </connectionPointOut>
              <condition>
                <inline name="">
                  <ST>
                    <xhtml:p><![CDATA[DCY]]></xhtml:p>
                  </ST>
                </inline>
              </condition>
            </transition>
          </SFC>
        </body>
      </pou>
    </pous>
  </types>
  <instances>
    <configurations>
      <configuration name="Config0">
        <resource name="Res0">
          <task name="task0" priority="0" interval="T#20ms">
            <pouInstance name="instance0" typeName="program2"/>
          </task>
        </resource>
      </configuration>
    </configurations>
  </instances>
</project>
