<?xml version='1.0' encoding='utf-8'?>
<project xmlns:ns1="http://www.plcopen.org/xml/tc6_0201" xmlns:xhtml="http://www.w3.org/1999/xhtml" xmlns:xsd="http://www.w3.org/2001/XMLSchema" xmlns="http://www.plcopen.org/xml/tc6_0201">
  <fileHeader companyName="Inconnu" productName="SansNom" productVersion="1" creationDateTime="2023-02-03T11:48:37"/>
  <contentHeader name="SansNom" modificationDateTime="2023-02-10T10:20:18">
    <coordinateInfo>
      <fbd>
        <scaling x="10" y="10"/>
      </fbd>
      <ld>
        <scaling x="10" y="10"/>
      </ld>
      <sfc>
        <scaling x="10" y="10"/>
      </sfc>
    </coordinateInfo>
  </contentHeader>
  <types>
    <dataTypes/>
    <pous>
      <pou name="program0" pouType="program">
        <interface>
          <localVars>
            <variable name="Led1" address="%QX100.0">
              <type>
                <BOOL/>
              </type>
            </variable>
            <variable name="BP_ON" address="%IX100.0">
              <type>
                <BOOL/>
              </type>
            </variable>
            <variable name="BP_Off" address="%IX100.1">
              <type>
                <BOOL/>
              </type>
            </variable>
            <variable name="BP_Maintien" address="%IX100.2">
              <type>
                <BOOL/>
              </type>
            </variable>
          </localVars>
        </interface>
        <body>
          <SFC>
            <transition localId="2" height="10" width="20">
              <position x="290" y="180"/>
              <connectionPointIn>
                <relPosition x="10" y="0"/>
                <connection refLocalId="12">
                  <position x="300" y="180"/>
                  <position x="300" y="141"/>
                </connection>
              </connectionPointIn>
              <connectionPointOut>
                <relPosition x="10" y="10"/>
              </connectionPointOut>
              <condition>
                <inline name="">
                  <ST>
                    <xhtml:p><![CDATA[BP_ON]]></xhtml:p>
                  </ST>
                </inline>
              </condition>
            </transition>
            <step localId="5" name="Step0" initialStep="true" height="30" width="60">
              <position x="290" y="80"/>
              <connectionPointOut formalParameter="">
                <relPosition x="30" y="30"/>
              </connectionPointOut>
            </step>
            <step localId="6" name="Step1" initialStep="false" height="30" width="50">
              <position x="270" y="240"/>
              <connectionPointIn>
                <relPosition x="30" y="0"/>
                <connection refLocalId="2">
                  <position x="300" y="240"/>
                  <position x="300" y="190"/>
                </connection>
              </connectionPointIn>
              <connectionPointOut formalParameter="">
                <relPosition x="30" y="30"/>
              </connectionPointOut>
              <connectionPointOutAction formalParameter="">
                <relPosition x="50" y="20"/>
              </connectionPointOutAction>
            </step>
            <actionBlock localId="7" height="30" width="100">
              <position x="370" y="250"/>
              <connectionPointIn>
                <relPosition x="0" y="10"/>
                <connection refLocalId="6">
                  <position x="370" y="260"/>
                  <position x="320" y="260"/>
                </connection>
              </connectionPointIn>
              <action localId="0" qualifier="S">
                <relPosition x="0" y="0"/>
                <reference name="Led1"/>
              </action>
            </actionBlock>
            <transition localId="8" height="10" width="20">
              <position x="290" y="320"/>
              <connectionPointIn>
                <relPosition x="10" y="0"/>
                <connection refLocalId="6">
                  <position x="300" y="320"/>
                  <position x="300" y="270"/>
                </connection>
              </connectionPointIn>
              <connectionPointOut>
                <relPosition x="10" y="10"/>
              </connectionPointOut>
              <condition>
                <connectionPointIn>
                  <connection refLocalId="10">
                    <position x="290" y="320"/>
                    <position x="251" y="320"/>
                  </connection>
                </connectionPointIn>
              </condition>
            </transition>
            <leftPowerRail localId="9" height="40" width="10">
              <position x="170" y="300"/>
              <connectionPointOut formalParameter="">
                <relPosition x="10" y="20"/>
              </connectionPointOut>
            </leftPowerRail>
            <contact localId="10" height="20" width="21" negated="false">
              <position x="230" y="310"/>
              <connectionPointIn>
                <relPosition x="0" y="10"/>
                <connection refLocalId="9">
                  <position x="230" y="320"/>
                  <position x="180" y="320"/>
                </connection>
              </connectionPointIn>
              <connectionPointOut>
                <relPosition x="21" y="10"/>
              </connectionPointOut>
              <variable>Led1</variable>
            </contact>
            <selectionDivergence localId="12" height="1" width="80">
              <position x="300" y="140"/>
              <connectionPointIn>
                <relPosition x="20" y="0"/>
                <connection refLocalId="5">
                  <position x="320" y="140"/>
                  <position x="320" y="110"/>
                </connection>
              </connectionPointIn>
              <connectionPointOut formalParameter="">
                <relPosition x="0" y="1"/>
              </connectionPointOut>
              <connectionPointOut formalParameter="">
                <relPosition x="40" y="1"/>
              </connectionPointOut>
              <connectionPointOut formalParameter="">
                <relPosition x="80" y="1"/>
              </connectionPointOut>
            </selectionDivergence>
            <transition localId="13" height="10" width="20">
              <position x="650" y="180"/>
              <connectionPointIn>
                <relPosition x="10" y="0"/>
                <connection refLocalId="12">
                  <position x="660" y="180"/>
                  <position x="660" y="170"/>
                  <position x="340" y="170"/>
                  <position x="340" y="141"/>
                </connection>
              </connectionPointIn>
              <connectionPointOut>
                <relPosition x="10" y="10"/>
              </connectionPointOut>
              <condition>
                <inline name="">
                  <ST>
                    <xhtml:p><![CDATA[BP_Off]]></xhtml:p>
                  </ST>
                </inline>
              </condition>
            </transition>
            <step localId="1" name="Step2" initialStep="false" height="30" width="50" executionOrderId="0">
              <position x="630" y="210"/>
              <connectionPointIn>
                <relPosition x="30" y="0"/>
                <connection refLocalId="13">
                  <position x="660" y="210"/>
                  <position x="660" y="190"/>
                </connection>
              </connectionPointIn>
              <connectionPointOut formalParameter="">
                <relPosition x="30" y="30"/>
              </connectionPointOut>
              <connectionPointOutAction formalParameter="">
                <relPosition x="50" y="10"/>
              </connectionPointOutAction>
            </step>
            <actionBlock localId="3" height="30" width="100" executionOrderId="0">
              <position x="730" y="200"/>
              <connectionPointIn>
                <relPosition x="0" y="20"/>
                <connection refLocalId="1">
                  <position x="730" y="220"/>
                  <position x="680" y="220"/>
                </connection>
              </connectionPointIn>
              <action localId="0" qualifier="R">
                <relPosition x="0" y="0"/>
                <reference name="Led1"/>
              </action>
            </actionBlock>
            <transition localId="4" height="10" width="20" executionOrderId="0">
              <position x="650" y="280"/>
              <connectionPointIn>
                <relPosition x="10" y="0"/>
                <connection refLocalId="1">
                  <position x="660" y="280"/>
                  <position x="660" y="240"/>
                </connection>
              </connectionPointIn>
              <connectionPointOut>
                <relPosition x="10" y="10"/>
              </connectionPointOut>
              <condition>
                <connectionPointIn>
                  <connection refLocalId="14">
                    <position x="650" y="280"/>
                    <position x="611" y="280"/>
                  </connection>
                </connectionPointIn>
              </condition>
            </transition>
            <contact localId="14" height="20" width="21" negated="true" executionOrderId="0">
              <position x="590" y="270"/>
              <connectionPointIn>
                <relPosition x="0" y="10"/>
                <connection refLocalId="15">
                  <position x="590" y="280"/>
                  <position x="560" y="280"/>
                </connection>
              </connectionPointIn>
              <connectionPointOut>
                <relPosition x="21" y="10"/>
              </connectionPointOut>
              <variable>Led1</variable>
            </contact>
            <leftPowerRail localId="15" height="40" width="10" executionOrderId="0">
              <position x="550" y="260"/>
              <connectionPointOut formalParameter="">
                <relPosition x="10" y="20"/>
              </connectionPointOut>
            </leftPowerRail>
            <jumpStep localId="19" targetName="Step0" height="20" width="20">
              <position x="290" y="380"/>
              <connectionPointIn>
                <relPosition x="10" y="0"/>
                <connection refLocalId="8">
                  <position x="300" y="380"/>
                  <position x="300" y="330"/>
                </connection>
              </connectionPointIn>
            </jumpStep>
            <jumpStep localId="11" targetName="Step0" height="20" width="20" executionOrderId="0">
              <position x="650" y="330"/>
              <connectionPointIn>
                <relPosition x="10" y="0"/>
                <connection refLocalId="4">
                  <position x="660" y="330"/>
                  <position x="660" y="290"/>
                </connection>
              </connectionPointIn>
            </jumpStep>
            <transition localId="16" height="10" width="20" executionOrderId="0">
              <position x="880" y="180"/>
              <connectionPointIn>
                <relPosition x="10" y="0"/>
                <connection refLocalId="12">
                  <position x="890" y="180"/>
                  <position x="890" y="160"/>
                  <position x="380" y="160"/>
                  <position x="380" y="141"/>
                </connection>
              </connectionPointIn>
              <connectionPointOut>
                <relPosition x="10" y="10"/>
              </connectionPointOut>
              <condition>
                <inline name="">
                  <ST>
                    <xhtml:p><![CDATA[BP_Maintien]]></xhtml:p>
                  </ST>
                </inline>
              </condition>
            </transition>
            <step localId="17" name="Step3" initialStep="false" height="30" width="50" executionOrderId="0">
              <position x="860" y="240"/>
              <connectionPointIn>
                <relPosition x="20" y="0"/>
                <connection refLocalId="16">
                  <position x="880" y="240"/>
                  <position x="880" y="215"/>
                  <position x="890" y="215"/>
                  <position x="890" y="190"/>
                </connection>
              </connectionPointIn>
              <connectionPointOut formalParameter="">
                <relPosition x="20" y="30"/>
              </connectionPointOut>
              <connectionPointOutAction formalParameter="">
                <relPosition x="50" y="20"/>
              </connectionPointOutAction>
            </step>
            <actionBlock localId="18" height="30" width="100" executionOrderId="0">
              <position x="980" y="240"/>
              <connectionPointIn>
                <relPosition x="0" y="20"/>
                <connection refLocalId="17">
                  <position x="980" y="260"/>
                  <position x="910" y="260"/>
                </connection>
              </connectionPointIn>
              <action localId="0">
                <relPosition x="0" y="0"/>
                <reference name="Led1"/>
              </action>
            </actionBlock>
            <transition localId="20" height="10" width="20" executionOrderId="0">
              <position x="870" y="310"/>
              <connectionPointIn>
                <relPosition x="10" y="0"/>
                <connection refLocalId="17">
                  <position x="880" y="310"/>
                  <position x="880" y="270"/>
                </connection>
              </connectionPointIn>
              <connectionPointOut>
                <relPosition x="10" y="10"/>
              </connectionPointOut>
              <condition>
                <connectionPointIn>
                  <connection refLocalId="22">
                    <position x="870" y="310"/>
                    <position x="831" y="310"/>
                  </connection>
                </connectionPointIn>
              </condition>
            </transition>
            <jumpStep localId="21" targetName="Step0" height="20" width="20" executionOrderId="0">
              <position x="870" y="360"/>
              <connectionPointIn>
                <relPosition x="10" y="0"/>
                <connection refLocalId="20">
                  <position x="880" y="360"/>
                  <position x="880" y="320"/>
                </connection>
              </connectionPointIn>
            </jumpStep>
            <contact localId="22" height="20" width="21" negated="true" executionOrderId="0">
              <position x="810" y="300"/>
              <connectionPointIn>
                <relPosition x="0" y="10"/>
                <connection refLocalId="23">
                  <position x="810" y="310"/>
                  <position x="780" y="310"/>
                </connection>
              </connectionPointIn>
              <connectionPointOut>
                <relPosition x="21" y="10"/>
              </connectionPointOut>
              <variable>Led1</variable>
            </contact>
            <leftPowerRail localId="23" height="40" width="10" executionOrderId="0">
              <position x="770" y="290"/>
              <connectionPointOut formalParameter="">
                <relPosition x="10" y="20"/>
              </connectionPointOut>
            </leftPowerRail>
          </SFC>
        </body>
      </pou>
    </pous>
  </types>
  <instances>
    <configurations>
      <configuration name="Config0">
        <resource name="Res0">
          <task name="task0" priority="0" interval="T#20ms">
            <pouInstance name="instance0" typeName="program0"/>
          </task>
        </resource>
      </configuration>
    </configurations>
  </instances>
</project>
