<?xml version='1.0' encoding='utf-8'?>
<project xmlns:ns1="http://www.plcopen.org/xml/tc6.xsd" xmlns:xhtml="http://www.w3.org/1999/xhtml" xmlns:xsd="http://www.w3.org/2001/XMLSchema" xmlns="http://www.plcopen.org/xml/tc6_0201">
  <fileHeader companyName="Inconnu" productName="SansNom" productVersion="1" creationDateTime="2023-02-17T08:52:51"/>
  <contentHeader name="SansNom" modificationDateTime="2023-02-17T09:04:16">
    <coordinateInfo>
      <fbd>
        <scaling x="10" y="10"/>
      </fbd>
      <ld>
        <scaling x="10" y="10"/>
      </ld>
      <sfc>
        <scaling x="10" y="10"/>
      </sfc>
    </coordinateInfo>
  </contentHeader>
  <types>
    <dataTypes/>
    <pous>
      <pou name="program0" pouType="program">
        <interface>
          <localVars>
            <variable name="LED1" address="%QX100.0">
              <type>
                <BOOL/>
              </type>
            </variable>
            <variable name="BP1" address="%IX100.0">
              <type>
                <BOOL/>
              </type>
            </variable>
          </localVars>
          <localVars>
            <variable name="TON0">
              <type>
                <derived name="TON"/>
              </type>
            </variable>
          </localVars>
        </interface>
        <body>
          <SFC>
            <step localId="1" name="Step0" initialStep="true" height="30" width="60">
              <position x="380" y="60"/>
              <connectionPointOut formalParameter="">
                <relPosition x="30" y="30"/>
              </connectionPointOut>
            </step>
            <transition localId="2" height="10" width="20">
              <position x="400" y="130"/>
              <connectionPointIn>
                <relPosition x="10" y="0"/>
                <connection refLocalId="1">
                  <position x="410" y="130"/>
                  <position x="410" y="90"/>
                </connection>
              </connectionPointIn>
              <connectionPointOut>
                <relPosition x="10" y="10"/>
              </connectionPointOut>
              <condition>
                <connectionPointIn>
                  <connection refLocalId="11">
                    <position x="400" y="135"/>
                    <position x="370" y="135"/>
                    <position x="370" y="130"/>
                    <position x="340" y="130"/>
                  </connection>
                </connectionPointIn>
              </condition>
            </transition>
            <step localId="3" name="Step1" initialStep="false" height="30" width="50">
              <position x="390" y="200"/>
              <connectionPointIn>
                <relPosition x="20" y="0"/>
                <connection refLocalId="2">
                  <position x="410" y="200"/>
                  <position x="410" y="140"/>
                </connection>
              </connectionPointIn>
              <connectionPointOut formalParameter="">
                <relPosition x="20" y="30"/>
              </connectionPointOut>
              <connectionPointOutAction formalParameter="">
                <relPosition x="50" y="20"/>
              </connectionPointOutAction>
            </step>
            <actionBlock localId="4" height="30" width="100">
              <position x="490" y="200"/>
              <connectionPointIn>
                <relPosition x="0" y="20"/>
                <connection refLocalId="3">
                  <position x="490" y="220"/>
                  <position x="440" y="220"/>
                </connection>
              </connectionPointIn>
              <action localId="0">
                <relPosition x="0" y="0"/>
                <reference name="LED1"/>
              </action>
            </actionBlock>
            <transition localId="5" height="10" width="20">
              <position x="400" y="270"/>
              <connectionPointIn>
                <relPosition x="10" y="0"/>
                <connection refLocalId="3">
                  <position x="410" y="270"/>
                  <position x="410" y="238"/>
                  <position x="411" y="238"/>
                  <position x="411" y="242"/>
                  <position x="410" y="242"/>
                  <position x="410" y="230"/>
                </connection>
              </connectionPointIn>
              <connectionPointOut>
                <relPosition x="10" y="10"/>
              </connectionPointOut>
              <condition>
                <connectionPointIn>
                  <connection refLocalId="6" formalParameter="Q">
                    <position x="400" y="270"/>
                    <position x="330" y="270"/>
                  </connection>
                </connectionPointIn>
              </condition>
            </transition>
            <block localId="6" typeName="TON" instanceName="TON0" height="60" width="50">
              <position x="280" y="240"/>
              <inputVariables>
                <variable formalParameter="IN">
                  <connectionPointIn>
                    <relPosition x="0" y="30"/>
                    <connection refLocalId="8">
                      <position x="280" y="270"/>
                      <position x="220" y="270"/>
                    </connection>
                  </connectionPointIn>
                </variable>
                <variable formalParameter="PT">
                  <connectionPointIn>
                    <relPosition x="0" y="50"/>
                    <connection refLocalId="9">
                      <position x="280" y="290"/>
                      <position x="245" y="290"/>
                      <position x="245" y="310"/>
                      <position x="210" y="310"/>
                    </connection>
                  </connectionPointIn>
                </variable>
              </inputVariables>
              <inOutVariables/>
              <outputVariables>
                <variable formalParameter="Q">
                  <connectionPointOut>
                    <relPosition x="50" y="30"/>
                  </connectionPointOut>
                </variable>
                <variable formalParameter="ET">
                  <connectionPointOut>
                    <relPosition x="50" y="50"/>
                  </connectionPointOut>
                </variable>
              </outputVariables>
            </block>
            <leftPowerRail localId="7" height="40" width="10">
              <position x="130" y="250"/>
              <connectionPointOut formalParameter="">
                <relPosition x="10" y="20"/>
              </connectionPointOut>
            </leftPowerRail>
            <contact localId="8" height="20" width="21" negated="false">
              <position x="200" y="260"/>
              <connectionPointIn>
                <relPosition x="0" y="10"/>
                <connection refLocalId="7">
                  <position x="200" y="270"/>
                  <position x="140" y="270"/>
                </connection>
              </connectionPointIn>
              <connectionPointOut>
                <relPosition x="21" y="10"/>
              </connectionPointOut>
              <variable>LED1</variable>
            </contact>
            <inVariable localId="9" height="30" width="50" negated="false">
              <position x="160" y="290"/>
              <connectionPointOut>
                <relPosition x="50" y="20"/>
              </connectionPointOut>
              <expression>T#3s</expression>
            </inVariable>
            <jumpStep localId="10" targetName="Step0" height="20" width="20">
              <position x="400" y="340"/>
              <connectionPointIn>
                <relPosition x="10" y="0"/>
                <connection refLocalId="5">
                  <position x="410" y="340"/>
                  <position x="410" y="280"/>
                </connection>
              </connectionPointIn>
            </jumpStep>
            <contact localId="11" height="20" width="20" negated="false" edge="rising">
              <position x="320" y="120"/>
              <connectionPointIn>
                <relPosition x="0" y="10"/>
                <connection refLocalId="12">
                  <position x="320" y="130"/>
                  <position x="260" y="130"/>
                </connection>
              </connectionPointIn>
              <connectionPointOut>
                <relPosition x="20" y="10"/>
              </connectionPointOut>
              <variable>BP1</variable>
            </contact>
            <leftPowerRail localId="12" height="40" width="20">
              <position x="240" y="110"/>
              <connectionPointOut formalParameter="">
                <relPosition x="20" y="20"/>
              </connectionPointOut>
            </leftPowerRail>
          </SFC>
        </body>
      </pou>
    </pous>
  </types>
  <instances>
    <configurations>
      <configuration name="Config0">
        <resource name="Res0">
          <task name="task0" priority="0" interval="T#20ms">
            <pouInstance name="instance0" typeName="program0"/>
          </task>
        </resource>
      </configuration>
    </configurations>
  </instances>
</project>
