<?xml version='1.0' encoding='utf-8'?>
<project xmlns:ns1="http://www.plcopen.org/xml/tc6_0201" xmlns:xhtml="http://www.w3.org/1999/xhtml" xmlns:xsd="http://www.w3.org/2001/XMLSchema" xmlns="http://www.plcopen.org/xml/tc6_0201">
  <fileHeader companyName="Inconnu" productName="SansNom" productVersion="1" creationDateTime="2023-03-10T09:22:31"/>
  <contentHeader name="SansNom" modificationDateTime="2023-03-17T08:47:21">
    <coordinateInfo>
      <fbd>
        <scaling x="10" y="10"/>
      </fbd>
      <ld>
        <scaling x="10" y="10"/>
      </ld>
      <sfc>
        <scaling x="10" y="10"/>
      </sfc>
    </coordinateInfo>
  </contentHeader>
  <types>
    <dataTypes/>
    <pous>
      <pou name="program0" pouType="program">
        <interface>
          <localVars>
            <variable name="led1" address="%QX100.0">
              <type>
                <BOOL/>
              </type>
            </variable>
            <variable name="led2" address="%QX100.1">
              <type>
                <BOOL/>
              </type>
            </variable>
            <variable name="led3" address="%QX100.2">
              <type>
                <BOOL/>
              </type>
            </variable>
            <variable name="led4" address="%QX100.3">
              <type>
                <BOOL/>
              </type>
            </variable>
            <variable name="bpon" address="%IX100.0">
              <type>
                <BOOL/>
              </type>
            </variable>
            <variable name="bpoff" address="%IX100.1">
              <type>
                <BOOL/>
              </type>
            </variable>
            <variable name="bpraz" address="%IX100.2">
              <type>
                <BOOL/>
              </type>
            </variable>
          </localVars>
          <localVars>
            <variable name="dcy">
              <type>
                <BOOL/>
              </type>
            </variable>
          </localVars>
        </interface>
        <body>
          <SFC>
            <step localId="1" name="Step0" initialStep="true" height="40" width="60">
              <position x="150" y="20"/>
              <connectionPointOut formalParameter="">
                <relPosition x="30" y="40"/>
              </connectionPointOut>
            </step>
            <transition localId="2" height="20" width="20">
              <position x="170" y="100"/>
              <connectionPointIn>
                <relPosition x="10" y="0"/>
                <connection refLocalId="1">
                  <position x="180" y="100"/>
                  <position x="180" y="60"/>
                </connection>
              </connectionPointIn>
              <connectionPointOut>
                <relPosition x="10" y="20"/>
              </connectionPointOut>
              <condition>
                <inline name="">
                  <ST>
                    <xhtml:p><![CDATA[bpon]]></xhtml:p>
                  </ST>
                </inline>
              </condition>
            </transition>
            <step localId="3" name="Step1" initialStep="false" height="60" width="60">
              <position x="150" y="160"/>
              <connectionPointIn>
                <relPosition x="30" y="0"/>
                <connection refLocalId="2">
                  <position x="180" y="160"/>
                  <position x="180" y="120"/>
                </connection>
              </connectionPointIn>
              <connectionPointOut formalParameter="">
                <relPosition x="30" y="60"/>
              </connectionPointOut>
              <connectionPointOutAction formalParameter="">
                <relPosition x="60" y="30"/>
              </connectionPointOutAction>
            </step>
            <transition localId="6" height="20" width="20">
              <position x="170" y="250"/>
              <connectionPointIn>
                <relPosition x="10" y="0"/>
                <connection refLocalId="3">
                  <position x="180" y="250"/>
                  <position x="180" y="220"/>
                </connection>
              </connectionPointIn>
              <connectionPointOut>
                <relPosition x="10" y="20"/>
              </connectionPointOut>
              <condition>
                <inline name="">
                  <ST>
                    <xhtml:p><![CDATA[bpoff]]></xhtml:p>
                  </ST>
                </inline>
              </condition>
            </transition>
            <step localId="7" name="Step2" initialStep="false" height="60" width="60">
              <position x="150" y="290"/>
              <connectionPointIn>
                <relPosition x="30" y="0"/>
              </connectionPointIn>
              <connectionPointOut formalParameter="">
                <relPosition x="30" y="60"/>
              </connectionPointOut>
              <connectionPointOutAction formalParameter="">
                <relPosition x="60" y="30"/>
              </connectionPointOutAction>
            </step>
            <actionBlock localId="8" height="40" width="100">
              <position x="310" y="170"/>
              <connectionPointIn>
                <relPosition x="0" y="20"/>
                <connection refLocalId="3">
                  <position x="310" y="190"/>
                  <position x="210" y="190"/>
                </connection>
              </connectionPointIn>
              <action localId="0">
                <relPosition x="0" y="0"/>
                <reference name="dcy"/>
              </action>
            </actionBlock>
            <step localId="9" name="Step3" initialStep="true" height="60" width="100">
              <position x="670" y="40"/>
              <connectionPointOut formalParameter="">
                <relPosition x="50" y="60"/>
              </connectionPointOut>
            </step>
            <transition localId="10" height="20" width="20">
              <position x="710" y="140"/>
              <connectionPointIn>
                <relPosition x="10" y="0"/>
                <connection refLocalId="9">
                  <position x="720" y="140"/>
                  <position x="720" y="100"/>
                </connection>
              </connectionPointIn>
              <connectionPointOut>
                <relPosition x="10" y="20"/>
              </connectionPointOut>
              <condition>
                <inline name="">
                  <ST>
                    <xhtml:p><![CDATA[dcy]]></xhtml:p>
                  </ST>
                </inline>
              </condition>
            </transition>
            <step localId="11" name="Step4" initialStep="false" height="80" width="100">
              <position x="670" y="220"/>
              <connectionPointIn>
                <relPosition x="50" y="0"/>
                <connection refLocalId="10">
                  <position x="720" y="220"/>
                  <position x="720" y="160"/>
                </connection>
              </connectionPointIn>
              <connectionPointOut formalParameter="">
                <relPosition x="50" y="80"/>
              </connectionPointOut>
              <connectionPointOutAction formalParameter="">
                <relPosition x="100" y="40"/>
              </connectionPointOutAction>
            </step>
            <contact localId="12" height="40" width="60" negated="false">
              <position x="300" y="380"/>
              <connectionPointIn>
                <relPosition x="0" y="20"/>
              </connectionPointIn>
              <connectionPointOut>
                <relPosition x="60" y="20"/>
              </connectionPointOut>
              <variable>led1</variable>
            </contact>
            <contact localId="13" height="40" width="60" negated="false">
              <position x="410" y="380"/>
              <connectionPointIn>
                <relPosition x="0" y="20"/>
              </connectionPointIn>
              <connectionPointOut>
                <relPosition x="60" y="20"/>
              </connectionPointOut>
              <variable>led2</variable>
            </contact>
            <contact localId="14" height="40" width="40" negated="false">
              <position x="530" y="380"/>
              <connectionPointIn>
                <relPosition x="0" y="20"/>
                <connection refLocalId="13">
                  <position x="530" y="400"/>
                  <position x="470" y="400"/>
                </connection>
              </connectionPointIn>
              <connectionPointOut>
                <relPosition x="40" y="20"/>
              </connectionPointOut>
              <variable>led3</variable>
            </contact>
            <contact localId="15" height="40" width="60" negated="false">
              <position x="610" y="380"/>
              <connectionPointIn>
                <relPosition x="0" y="20"/>
                <connection refLocalId="14">
                  <position x="610" y="400"/>
                  <position x="570" y="400"/>
                </connection>
              </connectionPointIn>
              <connectionPointOut>
                <relPosition x="60" y="20"/>
              </connectionPointOut>
              <variable>led4</variable>
            </contact>
          </SFC>
        </body>
      </pou>
    </pous>
  </types>
  <instances>
    <configurations>
      <configuration name="Config0">
        <resource name="Res0">
          <task name="task0" priority="0" interval="T#20ms">
            <pouInstance name="instance0" typeName="program0"/>
          </task>
        </resource>
      </configuration>
    </configurations>
  </instances>
</project>
