<?xml version='1.0' encoding='utf-8'?>
<project xmlns:ns1="http://www.plcopen.org/xml/tc6.xsd" xmlns:xhtml="http://www.w3.org/1999/xhtml" xmlns:xsd="http://www.w3.org/2001/XMLSchema" xmlns="http://www.plcopen.org/xml/tc6_0201">
  <fileHeader companyName="Inconnu" productName="SansNom" productVersion="1" creationDateTime="2023-02-17T08:39:40"/>
  <contentHeader name="SansNom" modificationDateTime="2023-02-17T08:52:19">
    <coordinateInfo>
      <fbd>
        <scaling x="10" y="10"/>
      </fbd>
      <ld>
        <scaling x="10" y="10"/>
      </ld>
      <sfc>
        <scaling x="10" y="10"/>
      </sfc>
    </coordinateInfo>
  </contentHeader>
  <types>
    <dataTypes/>
    <pous>
      <pou name="program0" pouType="program">
        <interface>
          <localVars>
            <variable name="LED1" address="%QX100.0">
              <type>
                <BOOL/>
              </type>
            </variable>
            <variable name="BP1" address="%IX100.0">
              <type>
                <BOOL/>
              </type>
            </variable>
          </localVars>
        </interface>
        <body>
          <SFC>
            <step localId="1" name="Step0" initialStep="true" height="30" width="60">
              <position x="370" y="110"/>
              <connectionPointOut formalParameter="">
                <relPosition x="30" y="30"/>
              </connectionPointOut>
            </step>
            <transition localId="2" height="10" width="20">
              <position x="390" y="220"/>
              <connectionPointIn>
                <relPosition x="10" y="0"/>
                <connection refLocalId="1">
                  <position x="400" y="220"/>
                  <position x="400" y="140"/>
                </connection>
              </connectionPointIn>
              <connectionPointOut>
                <relPosition x="10" y="10"/>
              </connectionPointOut>
              <condition>
                <inline name="">
                  <ST>
                    <xhtml:p><![CDATA[BP1]]></xhtml:p>
                  </ST>
                </inline>
              </condition>
            </transition>
            <step localId="3" name="Step1" initialStep="false" height="30" width="50">
              <position x="380" y="290"/>
              <connectionPointIn>
                <relPosition x="20" y="0"/>
                <connection refLocalId="2">
                  <position x="400" y="290"/>
                  <position x="400" y="230"/>
                </connection>
              </connectionPointIn>
              <connectionPointOut formalParameter="">
                <relPosition x="20" y="30"/>
              </connectionPointOut>
              <connectionPointOutAction formalParameter="">
                <relPosition x="50" y="10"/>
              </connectionPointOutAction>
            </step>
            <actionBlock localId="6" height="30" width="100">
              <position x="500" y="280"/>
              <connectionPointIn>
                <relPosition x="0" y="20"/>
                <connection refLocalId="3">
                  <position x="500" y="300"/>
                  <position x="430" y="300"/>
                </connection>
              </connectionPointIn>
              <action localId="0" qualifier="S">
                <relPosition x="0" y="0"/>
                <reference name="LED1"/>
              </action>
            </actionBlock>
            <jumpStep localId="11" targetName="Step0" height="20" width="20">
              <position x="390" y="430"/>
              <connectionPointIn>
                <relPosition x="10" y="0"/>
                <connection refLocalId="12">
                  <position x="400" y="430"/>
                  <position x="400" y="380"/>
                </connection>
              </connectionPointIn>
            </jumpStep>
            <transition localId="12" height="10" width="20">
              <position x="390" y="370"/>
              <connectionPointIn>
                <relPosition x="10" y="0"/>
                <connection refLocalId="3">
                  <position x="400" y="370"/>
                  <position x="400" y="320"/>
                </connection>
              </connectionPointIn>
              <connectionPointOut>
                <relPosition x="10" y="10"/>
              </connectionPointOut>
              <condition>
                <inline name="">
                  <ST>
                    <xhtml:p><![CDATA[BP1]]></xhtml:p>
                  </ST>
                </inline>
              </condition>
            </transition>
          </SFC>
        </body>
      </pou>
    </pous>
  </types>
  <instances>
    <configurations>
      <configuration name="Config0">
        <resource name="Res0">
          <task name="task0" priority="0" interval="T#20ms">
            <pouInstance name="instance0" typeName="program0"/>
          </task>
        </resource>
      </configuration>
    </configurations>
  </instances>
</project>
