<?xml version='1.0' encoding='utf-8'?>
<project xmlns:ns1="http://www.plcopen.org/xml/tc6.xsd" xmlns:xhtml="http://www.w3.org/1999/xhtml" xmlns:xsd="http://www.w3.org/2001/XMLSchema" xmlns="http://www.plcopen.org/xml/tc6_0201">
  <fileHeader companyName="Inconnu" productName="SansNom" productVersion="1" creationDateTime="2023-02-17T09:07:21"/>
  <contentHeader name="SansNom" modificationDateTime="2023-02-17T10:07:27">
    <coordinateInfo>
      <fbd>
        <scaling x="10" y="10"/>
      </fbd>
      <ld>
        <scaling x="10" y="10"/>
      </ld>
      <sfc>
        <scaling x="10" y="10"/>
      </sfc>
    </coordinateInfo>
  </contentHeader>
  <types>
    <dataTypes/>
    <pous>
      <pou name="program0" pouType="program">
        <interface>
          <localVars>
            <variable name="LED1" address="%QX100.0">
              <type>
                <BOOL/>
              </type>
            </variable>
            <variable name="LED2" address="%QX100.1">
              <type>
                <BOOL/>
              </type>
            </variable>
            <variable name="LED3" address="%QX100.2">
              <type>
                <BOOL/>
              </type>
            </variable>
            <variable name="LED4" address="%QX100.3">
              <type>
                <BOOL/>
              </type>
            </variable>
            <variable name="BP1" address="%IX100.0">
              <type>
                <BOOL/>
              </type>
            </variable>
            <variable name="BP2" address="%IX100.1">
              <type>
                <BOOL/>
              </type>
            </variable>
          </localVars>
          <localVars>
            <variable name="TIMING">
              <type>
                <TIME/>
              </type>
              <initialValue>
                <simpleValue value="T#2s"/>
              </initialValue>
            </variable>
            <variable name="TON0">
              <type>
                <derived name="TON"/>
              </type>
            </variable>
            <variable name="TON1">
              <type>
                <derived name="TON"/>
              </type>
            </variable>
            <variable name="TON2">
              <type>
                <derived name="TON"/>
              </type>
            </variable>
            <variable name="TON3">
              <type>
                <derived name="TON"/>
              </type>
            </variable>
            <variable name="TON4">
              <type>
                <derived name="TON"/>
              </type>
            </variable>
            <variable name="TON5">
              <type>
                <derived name="TON"/>
              </type>
            </variable>
            <variable name="TON6">
              <type>
                <derived name="TON"/>
              </type>
            </variable>
            <variable name="TON7">
              <type>
                <derived name="TON"/>
              </type>
            </variable>
            <variable name="TON8">
              <type>
                <derived name="TON"/>
              </type>
            </variable>
            <variable name="TON9">
              <type>
                <derived name="TON"/>
              </type>
            </variable>
            <variable name="TON10">
              <type>
                <derived name="TON"/>
              </type>
            </variable>
          </localVars>
        </interface>
        <body>
          <SFC>
            <step localId="1" name="Step0" initialStep="true" height="30" width="60">
              <position x="410" y="40"/>
              <connectionPointOut formalParameter="">
                <relPosition x="30" y="30"/>
              </connectionPointOut>
            </step>
            <transition localId="2" height="10" width="20">
              <position x="430" y="110"/>
              <connectionPointIn>
                <relPosition x="10" y="0"/>
                <connection refLocalId="1">
                  <position x="440" y="110"/>
                  <position x="440" y="70"/>
                </connection>
              </connectionPointIn>
              <connectionPointOut>
                <relPosition x="10" y="10"/>
              </connectionPointOut>
              <condition>
                <connectionPointIn>
                  <connection refLocalId="84">
                    <position x="430" y="120"/>
                    <position x="380" y="120"/>
                    <position x="380" y="110"/>
                    <position x="331" y="110"/>
                  </connection>
                </connectionPointIn>
              </condition>
            </transition>
            <step localId="3" name="Step1" initialStep="false" height="30" width="50">
              <position x="410" y="160"/>
              <connectionPointIn>
                <relPosition x="30" y="0"/>
                <connection refLocalId="2">
                  <position x="440" y="160"/>
                  <position x="440" y="120"/>
                </connection>
              </connectionPointIn>
              <connectionPointOut formalParameter="">
                <relPosition x="30" y="30"/>
              </connectionPointOut>
              <connectionPointOutAction formalParameter="">
                <relPosition x="50" y="20"/>
              </connectionPointOutAction>
            </step>
            <actionBlock localId="4" height="30" width="100">
              <position x="530" y="160"/>
              <connectionPointIn>
                <relPosition x="0" y="20"/>
                <connection refLocalId="3">
                  <position x="530" y="180"/>
                  <position x="460" y="180"/>
                </connection>
              </connectionPointIn>
              <action localId="0">
                <relPosition x="0" y="0"/>
                <reference name="LED1"/>
              </action>
            </actionBlock>
            <transition localId="5" height="10" width="20">
              <position x="430" y="210"/>
              <connectionPointIn>
                <relPosition x="10" y="0"/>
                <connection refLocalId="3">
                  <position x="440" y="210"/>
                  <position x="440" y="190"/>
                </connection>
              </connectionPointIn>
              <connectionPointOut>
                <relPosition x="10" y="10"/>
              </connectionPointOut>
              <condition>
                <connectionPointIn>
                  <connection refLocalId="24" formalParameter="Q">
                    <position x="430" y="220"/>
                    <position x="380" y="220"/>
                  </connection>
                </connectionPointIn>
              </condition>
            </transition>
            <step localId="6" name="Step2" initialStep="false" height="30" width="50">
              <position x="410" y="270"/>
              <connectionPointIn>
                <relPosition x="30" y="0"/>
                <connection refLocalId="5">
                  <position x="440" y="270"/>
                  <position x="440" y="220"/>
                </connection>
              </connectionPointIn>
              <connectionPointOut formalParameter="">
                <relPosition x="30" y="30"/>
              </connectionPointOut>
              <connectionPointOutAction formalParameter="">
                <relPosition x="50" y="10"/>
              </connectionPointOutAction>
            </step>
            <transition localId="7" height="10" width="20" executionOrderId="0">
              <position x="430" y="330"/>
              <connectionPointIn>
                <relPosition x="10" y="0"/>
                <connection refLocalId="6">
                  <position x="440" y="330"/>
                  <position x="440" y="300"/>
                </connection>
              </connectionPointIn>
              <connectionPointOut>
                <relPosition x="10" y="10"/>
              </connectionPointOut>
              <condition>
                <connectionPointIn>
                  <connection refLocalId="23" formalParameter="Q">
                    <position x="430" y="340"/>
                    <position x="380" y="340"/>
                  </connection>
                </connectionPointIn>
              </condition>
            </transition>
            <actionBlock localId="8" height="50" width="100" executionOrderId="0">
              <position x="530" y="270"/>
              <connectionPointIn>
                <relPosition x="0" y="10"/>
                <connection refLocalId="6">
                  <position x="530" y="280"/>
                  <position x="460" y="280"/>
                </connection>
              </connectionPointIn>
              <action localId="0">
                <relPosition x="0" y="0"/>
                <reference name="LED1"/>
              </action>
              <action localId="0">
                <relPosition x="0" y="0"/>
                <reference name="LED2"/>
              </action>
            </actionBlock>
            <step localId="9" name="Step3" initialStep="false" height="30" width="50" executionOrderId="0">
              <position x="420" y="390"/>
              <connectionPointIn>
                <relPosition x="20" y="0"/>
                <connection refLocalId="7">
                  <position x="440" y="390"/>
                  <position x="440" y="340"/>
                </connection>
              </connectionPointIn>
              <connectionPointOut formalParameter="">
                <relPosition x="20" y="30"/>
              </connectionPointOut>
              <connectionPointOutAction formalParameter="">
                <relPosition x="50" y="10"/>
              </connectionPointOutAction>
            </step>
            <actionBlock localId="10" height="50" width="100" executionOrderId="0">
              <position x="530" y="380"/>
              <connectionPointIn>
                <relPosition x="0" y="20"/>
                <connection refLocalId="9">
                  <position x="530" y="400"/>
                  <position x="470" y="400"/>
                </connection>
              </connectionPointIn>
              <action localId="0">
                <relPosition x="0" y="0"/>
                <reference name="LED2"/>
              </action>
              <action localId="0">
                <relPosition x="0" y="0"/>
                <reference name="LED3"/>
              </action>
            </actionBlock>
            <transition localId="11" height="10" width="20" executionOrderId="0">
              <position x="430" y="470"/>
              <connectionPointIn>
                <relPosition x="10" y="0"/>
                <connection refLocalId="9">
                  <position x="440" y="470"/>
                  <position x="440" y="420"/>
                </connection>
              </connectionPointIn>
              <connectionPointOut>
                <relPosition x="10" y="10"/>
              </connectionPointOut>
              <condition>
                <connectionPointIn>
                  <connection refLocalId="21" formalParameter="Q">
                    <position x="430" y="480"/>
                    <position x="390" y="480"/>
                  </connection>
                </connectionPointIn>
              </condition>
            </transition>
            <leftPowerRail localId="13" height="40" width="10">
              <position x="160" y="200"/>
              <connectionPointOut formalParameter="">
                <relPosition x="10" y="20"/>
              </connectionPointOut>
            </leftPowerRail>
            <contact localId="14" height="20" width="21" negated="false">
              <position x="210" y="210"/>
              <connectionPointIn>
                <relPosition x="0" y="10"/>
                <connection refLocalId="13">
                  <position x="210" y="220"/>
                  <position x="170" y="220"/>
                </connection>
              </connectionPointIn>
              <connectionPointOut>
                <relPosition x="21" y="10"/>
              </connectionPointOut>
              <variable>LED1</variable>
            </contact>
            <leftPowerRail localId="15" height="40" width="10" executionOrderId="0">
              <position x="160" y="320"/>
              <connectionPointOut formalParameter="">
                <relPosition x="10" y="20"/>
              </connectionPointOut>
            </leftPowerRail>
            <contact localId="16" height="20" width="21" negated="false" executionOrderId="0">
              <position x="210" y="330"/>
              <connectionPointIn>
                <relPosition x="0" y="10"/>
                <connection refLocalId="15">
                  <position x="210" y="340"/>
                  <position x="170" y="340"/>
                </connection>
              </connectionPointIn>
              <connectionPointOut>
                <relPosition x="21" y="10"/>
              </connectionPointOut>
              <variable>LED1</variable>
            </contact>
            <leftPowerRail localId="17" height="40" width="10" executionOrderId="0">
              <position x="150" y="460"/>
              <connectionPointOut formalParameter="">
                <relPosition x="10" y="20"/>
              </connectionPointOut>
            </leftPowerRail>
            <contact localId="18" height="20" width="21" negated="false" executionOrderId="0">
              <position x="210" y="470"/>
              <connectionPointIn>
                <relPosition x="0" y="10"/>
                <connection refLocalId="17">
                  <position x="210" y="480"/>
                  <position x="160" y="480"/>
                </connection>
              </connectionPointIn>
              <connectionPointOut>
                <relPosition x="21" y="10"/>
              </connectionPointOut>
              <variable>LED2</variable>
            </contact>
            <contact localId="19" height="20" width="21" negated="false" executionOrderId="0">
              <position x="260" y="330"/>
              <connectionPointIn>
                <relPosition x="0" y="10"/>
                <connection refLocalId="16">
                  <position x="260" y="340"/>
                  <position x="231" y="340"/>
                </connection>
              </connectionPointIn>
              <connectionPointOut>
                <relPosition x="21" y="10"/>
              </connectionPointOut>
              <variable>LED2</variable>
            </contact>
            <contact localId="20" height="20" width="21" negated="false" executionOrderId="0">
              <position x="260" y="470"/>
              <connectionPointIn>
                <relPosition x="0" y="10"/>
                <connection refLocalId="18">
                  <position x="260" y="480"/>
                  <position x="231" y="480"/>
                </connection>
              </connectionPointIn>
              <connectionPointOut>
                <relPosition x="21" y="10"/>
              </connectionPointOut>
              <variable>LED3</variable>
            </contact>
            <block localId="21" typeName="TON" instanceName="TON0" height="60" width="50">
              <position x="340" y="450"/>
              <inputVariables>
                <variable formalParameter="IN">
                  <connectionPointIn>
                    <relPosition x="0" y="30"/>
                    <connection refLocalId="20">
                      <position x="340" y="480"/>
                      <position x="281" y="480"/>
                    </connection>
                  </connectionPointIn>
                </variable>
                <variable formalParameter="PT">
                  <connectionPointIn>
                    <relPosition x="0" y="50"/>
                    <connection refLocalId="22">
                      <position x="340" y="500"/>
                      <position x="320" y="500"/>
                      <position x="320" y="520"/>
                      <position x="310" y="520"/>
                    </connection>
                  </connectionPointIn>
                </variable>
              </inputVariables>
              <inOutVariables/>
              <outputVariables>
                <variable formalParameter="Q">
                  <connectionPointOut>
                    <relPosition x="50" y="30"/>
                  </connectionPointOut>
                </variable>
                <variable formalParameter="ET">
                  <connectionPointOut>
                    <relPosition x="50" y="50"/>
                  </connectionPointOut>
                </variable>
              </outputVariables>
            </block>
            <inVariable localId="22" height="30" width="60" negated="false">
              <position x="250" y="510"/>
              <connectionPointOut>
                <relPosition x="60" y="10"/>
              </connectionPointOut>
              <expression>TIMING</expression>
            </inVariable>
            <block localId="23" typeName="TON" instanceName="TON1" height="60" width="50" executionOrderId="0">
              <position x="330" y="310"/>
              <inputVariables>
                <variable formalParameter="IN">
                  <connectionPointIn>
                    <relPosition x="0" y="30"/>
                    <connection refLocalId="19">
                      <position x="330" y="340"/>
                      <position x="281" y="340"/>
                    </connection>
                  </connectionPointIn>
                </variable>
                <variable formalParameter="PT">
                  <connectionPointIn>
                    <relPosition x="0" y="50"/>
                    <connection refLocalId="25">
                      <position x="330" y="360"/>
                      <position x="315" y="360"/>
                      <position x="315" y="380"/>
                      <position x="300" y="380"/>
                    </connection>
                  </connectionPointIn>
                </variable>
              </inputVariables>
              <inOutVariables/>
              <outputVariables>
                <variable formalParameter="Q">
                  <connectionPointOut>
                    <relPosition x="50" y="30"/>
                  </connectionPointOut>
                </variable>
                <variable formalParameter="ET">
                  <connectionPointOut>
                    <relPosition x="50" y="50"/>
                  </connectionPointOut>
                </variable>
              </outputVariables>
            </block>
            <block localId="24" typeName="TON" instanceName="TON2" height="60" width="50" executionOrderId="0">
              <position x="330" y="190"/>
              <inputVariables>
                <variable formalParameter="IN">
                  <connectionPointIn>
                    <relPosition x="0" y="30"/>
                    <connection refLocalId="14">
                      <position x="330" y="220"/>
                      <position x="231" y="220"/>
                    </connection>
                  </connectionPointIn>
                </variable>
                <variable formalParameter="PT">
                  <connectionPointIn>
                    <relPosition x="0" y="50"/>
                    <connection refLocalId="26">
                      <position x="330" y="240"/>
                      <position x="315" y="240"/>
                      <position x="315" y="260"/>
                      <position x="300" y="260"/>
                    </connection>
                  </connectionPointIn>
                </variable>
              </inputVariables>
              <inOutVariables/>
              <outputVariables>
                <variable formalParameter="Q">
                  <connectionPointOut>
                    <relPosition x="50" y="30"/>
                  </connectionPointOut>
                </variable>
                <variable formalParameter="ET">
                  <connectionPointOut>
                    <relPosition x="50" y="50"/>
                  </connectionPointOut>
                </variable>
              </outputVariables>
            </block>
            <inVariable localId="25" height="30" width="60" negated="false" executionOrderId="0">
              <position x="240" y="370"/>
              <connectionPointOut>
                <relPosition x="60" y="10"/>
              </connectionPointOut>
              <expression>TIMING</expression>
            </inVariable>
            <inVariable localId="26" height="30" width="60" negated="false" executionOrderId="0">
              <position x="240" y="240"/>
              <connectionPointOut>
                <relPosition x="60" y="20"/>
              </connectionPointOut>
              <expression>TIMING</expression>
            </inVariable>
            <step localId="12" name="Step4" initialStep="false" height="30" width="50" executionOrderId="0">
              <position x="420" y="530"/>
              <connectionPointIn>
                <relPosition x="20" y="0"/>
                <connection refLocalId="11">
                  <position x="440" y="530"/>
                  <position x="440" y="480"/>
                </connection>
              </connectionPointIn>
              <connectionPointOut formalParameter="">
                <relPosition x="20" y="30"/>
              </connectionPointOut>
              <connectionPointOutAction formalParameter="">
                <relPosition x="50" y="10"/>
              </connectionPointOutAction>
            </step>
            <actionBlock localId="27" height="50" width="100" executionOrderId="0">
              <position x="530" y="530"/>
              <connectionPointIn>
                <relPosition x="0" y="10"/>
                <connection refLocalId="12">
                  <position x="530" y="540"/>
                  <position x="470" y="540"/>
                </connection>
              </connectionPointIn>
              <action localId="0">
                <relPosition x="0" y="0"/>
                <reference name="LED3"/>
              </action>
              <action localId="0">
                <relPosition x="0" y="0"/>
                <reference name="LED4"/>
              </action>
            </actionBlock>
            <transition localId="28" height="10" width="20" executionOrderId="0">
              <position x="430" y="610"/>
              <connectionPointIn>
                <relPosition x="10" y="0"/>
                <connection refLocalId="12">
                  <position x="440" y="610"/>
                  <position x="440" y="560"/>
                </connection>
              </connectionPointIn>
              <connectionPointOut>
                <relPosition x="10" y="10"/>
              </connectionPointOut>
              <condition>
                <connectionPointIn>
                  <connection refLocalId="36" formalParameter="Q">
                    <position x="430" y="620"/>
                    <position x="380" y="620"/>
                  </connection>
                </connectionPointIn>
              </condition>
            </transition>
            <step localId="29" name="Step5" initialStep="false" height="30" width="50" executionOrderId="0">
              <position x="410" y="660"/>
              <connectionPointIn>
                <relPosition x="30" y="0"/>
                <connection refLocalId="28">
                  <position x="440" y="660"/>
                  <position x="440" y="620"/>
                </connection>
              </connectionPointIn>
              <connectionPointOut formalParameter="">
                <relPosition x="30" y="30"/>
              </connectionPointOut>
              <connectionPointOutAction formalParameter="">
                <relPosition x="50" y="20"/>
              </connectionPointOutAction>
            </step>
            <transition localId="31" height="10" width="20" executionOrderId="0">
              <position x="430" y="730"/>
              <connectionPointIn>
                <relPosition x="10" y="0"/>
                <connection refLocalId="29">
                  <position x="440" y="730"/>
                  <position x="440" y="690"/>
                </connection>
              </connectionPointIn>
              <connectionPointOut>
                <relPosition x="10" y="10"/>
              </connectionPointOut>
              <condition>
                <connectionPointIn>
                  <connection refLocalId="41" formalParameter="Q">
                    <position x="430" y="740"/>
                    <position x="380" y="740"/>
                  </connection>
                </connectionPointIn>
              </condition>
            </transition>
            <leftPowerRail localId="33" height="40" width="10" executionOrderId="0">
              <position x="140" y="600"/>
              <connectionPointOut formalParameter="">
                <relPosition x="10" y="20"/>
              </connectionPointOut>
            </leftPowerRail>
            <contact localId="34" height="20" width="21" negated="false" executionOrderId="0">
              <position x="200" y="610"/>
              <connectionPointIn>
                <relPosition x="0" y="10"/>
                <connection refLocalId="33">
                  <position x="200" y="620"/>
                  <position x="150" y="620"/>
                </connection>
              </connectionPointIn>
              <connectionPointOut>
                <relPosition x="21" y="10"/>
              </connectionPointOut>
              <variable>LED3</variable>
            </contact>
            <contact localId="35" height="20" width="21" negated="false" executionOrderId="0">
              <position x="250" y="610"/>
              <connectionPointIn>
                <relPosition x="0" y="10"/>
                <connection refLocalId="34">
                  <position x="250" y="620"/>
                  <position x="221" y="620"/>
                </connection>
              </connectionPointIn>
              <connectionPointOut>
                <relPosition x="21" y="10"/>
              </connectionPointOut>
              <variable>LED4</variable>
            </contact>
            <block localId="36" typeName="TON" instanceName="TON3" height="60" width="50" executionOrderId="0">
              <position x="330" y="590"/>
              <inputVariables>
                <variable formalParameter="IN">
                  <connectionPointIn>
                    <relPosition x="0" y="30"/>
                    <connection refLocalId="35">
                      <position x="330" y="620"/>
                      <position x="271" y="620"/>
                    </connection>
                  </connectionPointIn>
                </variable>
                <variable formalParameter="PT">
                  <connectionPointIn>
                    <relPosition x="0" y="50"/>
                    <connection refLocalId="37">
                      <position x="330" y="640"/>
                      <position x="310" y="640"/>
                      <position x="310" y="660"/>
                      <position x="300" y="660"/>
                    </connection>
                  </connectionPointIn>
                </variable>
              </inputVariables>
              <inOutVariables/>
              <outputVariables>
                <variable formalParameter="Q">
                  <connectionPointOut>
                    <relPosition x="50" y="30"/>
                  </connectionPointOut>
                </variable>
                <variable formalParameter="ET">
                  <connectionPointOut>
                    <relPosition x="50" y="50"/>
                  </connectionPointOut>
                </variable>
              </outputVariables>
            </block>
            <inVariable localId="37" height="30" width="60" negated="false" executionOrderId="0">
              <position x="240" y="650"/>
              <connectionPointOut>
                <relPosition x="60" y="10"/>
              </connectionPointOut>
              <expression>TIMING</expression>
            </inVariable>
            <leftPowerRail localId="38" height="40" width="10" executionOrderId="0">
              <position x="90" y="720"/>
              <connectionPointOut formalParameter="">
                <relPosition x="10" y="20"/>
              </connectionPointOut>
            </leftPowerRail>
            <contact localId="39" height="20" width="21" negated="false" executionOrderId="0">
              <position x="140" y="730"/>
              <connectionPointIn>
                <relPosition x="0" y="10"/>
                <connection refLocalId="38">
                  <position x="140" y="740"/>
                  <position x="100" y="740"/>
                </connection>
              </connectionPointIn>
              <connectionPointOut>
                <relPosition x="21" y="10"/>
              </connectionPointOut>
              <variable>LED4</variable>
            </contact>
            <block localId="41" typeName="TON" instanceName="TON4" height="60" width="50" executionOrderId="0">
              <position x="330" y="710"/>
              <inputVariables>
                <variable formalParameter="IN">
                  <connectionPointIn>
                    <relPosition x="0" y="30"/>
                    <connection refLocalId="93">
                      <position x="330" y="740"/>
                      <position x="221" y="740"/>
                    </connection>
                  </connectionPointIn>
                </variable>
                <variable formalParameter="PT">
                  <connectionPointIn>
                    <relPosition x="0" y="50"/>
                    <connection refLocalId="42">
                      <position x="330" y="760"/>
                      <position x="300" y="760"/>
                      <position x="300" y="780"/>
                      <position x="290" y="780"/>
                    </connection>
                  </connectionPointIn>
                </variable>
              </inputVariables>
              <inOutVariables/>
              <outputVariables>
                <variable formalParameter="Q">
                  <connectionPointOut>
                    <relPosition x="50" y="30"/>
                  </connectionPointOut>
                </variable>
                <variable formalParameter="ET">
                  <connectionPointOut>
                    <relPosition x="50" y="50"/>
                  </connectionPointOut>
                </variable>
              </outputVariables>
            </block>
            <inVariable localId="42" height="30" width="60" negated="false" executionOrderId="0">
              <position x="230" y="760"/>
              <connectionPointOut>
                <relPosition x="60" y="10"/>
              </connectionPointOut>
              <expression>TIMING</expression>
            </inVariable>
            <step localId="32" name="Step7" initialStep="false" height="30" width="50" executionOrderId="0">
              <position x="420" y="910"/>
              <connectionPointIn>
                <relPosition x="20" y="0"/>
                <connection refLocalId="47">
                  <position x="440" y="910"/>
                  <position x="440" y="870"/>
                </connection>
              </connectionPointIn>
              <connectionPointOut formalParameter="">
                <relPosition x="20" y="30"/>
              </connectionPointOut>
              <connectionPointOutAction formalParameter="">
                <relPosition x="50" y="10"/>
              </connectionPointOutAction>
            </step>
            <transition localId="43" height="10" width="20" executionOrderId="0">
              <position x="430" y="970"/>
              <connectionPointIn>
                <relPosition x="10" y="0"/>
                <connection refLocalId="32">
                  <position x="440" y="970"/>
                  <position x="440" y="940"/>
                </connection>
              </connectionPointIn>
              <connectionPointOut>
                <relPosition x="10" y="10"/>
              </connectionPointOut>
              <condition>
                <connectionPointIn>
                  <connection refLocalId="46" formalParameter="Q">
                    <position x="430" y="980"/>
                    <position x="380" y="980"/>
                  </connection>
                </connectionPointIn>
              </condition>
            </transition>
            <leftPowerRail localId="44" height="40" width="10" executionOrderId="0">
              <position x="100" y="960"/>
              <connectionPointOut formalParameter="">
                <relPosition x="10" y="20"/>
              </connectionPointOut>
            </leftPowerRail>
            <contact localId="45" height="20" width="21" negated="false" executionOrderId="0">
              <position x="160" y="970"/>
              <connectionPointIn>
                <relPosition x="0" y="10"/>
                <connection refLocalId="44">
                  <position x="160" y="980"/>
                  <position x="110" y="980"/>
                </connection>
              </connectionPointIn>
              <connectionPointOut>
                <relPosition x="21" y="10"/>
              </connectionPointOut>
              <variable>LED4</variable>
            </contact>
            <block localId="46" typeName="TON" instanceName="TON5" height="60" width="50" executionOrderId="0">
              <position x="330" y="950"/>
              <inputVariables>
                <variable formalParameter="IN">
                  <connectionPointIn>
                    <relPosition x="0" y="30"/>
                    <connection refLocalId="92">
                      <position x="330" y="980"/>
                      <position x="241" y="980"/>
                    </connection>
                  </connectionPointIn>
                </variable>
                <variable formalParameter="PT">
                  <connectionPointIn>
                    <relPosition x="0" y="50"/>
                    <connection refLocalId="66">
                      <position x="330" y="1000"/>
                      <position x="320" y="1000"/>
                      <position x="320" y="1040"/>
                      <position x="310" y="1040"/>
                    </connection>
                  </connectionPointIn>
                </variable>
              </inputVariables>
              <inOutVariables/>
              <outputVariables>
                <variable formalParameter="Q">
                  <connectionPointOut>
                    <relPosition x="50" y="30"/>
                  </connectionPointOut>
                </variable>
                <variable formalParameter="ET">
                  <connectionPointOut>
                    <relPosition x="50" y="50"/>
                  </connectionPointOut>
                </variable>
              </outputVariables>
            </block>
            <step localId="48" name="Step6" initialStep="false" height="30" width="50">
              <position x="420" y="790"/>
              <connectionPointIn>
                <relPosition x="20" y="0"/>
                <connection refLocalId="31">
                  <position x="440" y="790"/>
                  <position x="440" y="740"/>
                </connection>
              </connectionPointIn>
              <connectionPointOut formalParameter="">
                <relPosition x="20" y="30"/>
              </connectionPointOut>
            </step>
            <transition localId="47" height="10" width="20" executionOrderId="0">
              <position x="430" y="860"/>
              <connectionPointIn>
                <relPosition x="10" y="0"/>
                <connection refLocalId="48">
                  <position x="440" y="860"/>
                  <position x="440" y="820"/>
                </connection>
              </connectionPointIn>
              <connectionPointOut>
                <relPosition x="10" y="10"/>
              </connectionPointOut>
              <condition>
                <connectionPointIn>
                  <connection refLocalId="49" formalParameter="Q">
                    <position x="430" y="860"/>
                    <position x="390" y="860"/>
                  </connection>
                </connectionPointIn>
              </condition>
            </transition>
            <block localId="49" typeName="TON" instanceName="TON6" height="60" width="50" executionOrderId="0">
              <position x="340" y="830"/>
              <inputVariables>
                <variable formalParameter="IN">
                  <connectionPointIn>
                    <relPosition x="0" y="30"/>
                    <connection refLocalId="88">
                      <position x="340" y="860"/>
                      <position x="301" y="860"/>
                    </connection>
                  </connectionPointIn>
                </variable>
                <variable formalParameter="PT">
                  <connectionPointIn>
                    <relPosition x="0" y="50"/>
                    <connection refLocalId="50">
                      <position x="340" y="880"/>
                      <position x="330" y="880"/>
                      <position x="330" y="910"/>
                      <position x="290" y="910"/>
                    </connection>
                  </connectionPointIn>
                </variable>
              </inputVariables>
              <inOutVariables/>
              <outputVariables>
                <variable formalParameter="Q">
                  <connectionPointOut>
                    <relPosition x="50" y="30"/>
                  </connectionPointOut>
                </variable>
                <variable formalParameter="ET">
                  <connectionPointOut>
                    <relPosition x="50" y="50"/>
                  </connectionPointOut>
                </variable>
              </outputVariables>
            </block>
            <inVariable localId="50" height="30" width="60" negated="false" executionOrderId="0">
              <position x="230" y="890"/>
              <connectionPointOut>
                <relPosition x="60" y="20"/>
              </connectionPointOut>
              <expression>TIMING</expression>
            </inVariable>
            <leftPowerRail localId="51" height="40" width="10" executionOrderId="0">
              <position x="90" y="840"/>
              <connectionPointOut formalParameter="">
                <relPosition x="10" y="20"/>
              </connectionPointOut>
            </leftPowerRail>
            <step localId="52" name="Step8" initialStep="false" height="30" width="50" executionOrderId="0">
              <position x="420" y="1030"/>
              <connectionPointIn>
                <relPosition x="20" y="0"/>
                <connection refLocalId="43">
                  <position x="440" y="1030"/>
                  <position x="440" y="980"/>
                </connection>
              </connectionPointIn>
              <connectionPointOut formalParameter="">
                <relPosition x="20" y="30"/>
              </connectionPointOut>
              <connectionPointOutAction formalParameter="">
                <relPosition x="50" y="10"/>
              </connectionPointOutAction>
            </step>
            <actionBlock localId="53" height="50" width="100" executionOrderId="0">
              <position x="530" y="1030"/>
              <connectionPointIn>
                <relPosition x="0" y="10"/>
                <connection refLocalId="52">
                  <position x="530" y="1040"/>
                  <position x="470" y="1040"/>
                </connection>
              </connectionPointIn>
              <action localId="0">
                <relPosition x="0" y="0"/>
                <reference name="LED3"/>
              </action>
              <action localId="0">
                <relPosition x="0" y="0"/>
                <reference name="LED4"/>
              </action>
            </actionBlock>
            <transition localId="54" height="10" width="20" executionOrderId="0">
              <position x="430" y="1110"/>
              <connectionPointIn>
                <relPosition x="10" y="0"/>
                <connection refLocalId="52">
                  <position x="440" y="1110"/>
                  <position x="440" y="1060"/>
                </connection>
              </connectionPointIn>
              <connectionPointOut>
                <relPosition x="10" y="10"/>
              </connectionPointOut>
              <condition>
                <connectionPointIn>
                  <connection refLocalId="58" formalParameter="Q">
                    <position x="430" y="1120"/>
                    <position x="380" y="1120"/>
                  </connection>
                </connectionPointIn>
              </condition>
            </transition>
            <leftPowerRail localId="55" height="40" width="10" executionOrderId="0">
              <position x="140" y="1100"/>
              <connectionPointOut formalParameter="">
                <relPosition x="10" y="20"/>
              </connectionPointOut>
            </leftPowerRail>
            <contact localId="56" height="20" width="21" negated="false" executionOrderId="0">
              <position x="200" y="1110"/>
              <connectionPointIn>
                <relPosition x="0" y="10"/>
                <connection refLocalId="55">
                  <position x="200" y="1120"/>
                  <position x="150" y="1120"/>
                </connection>
              </connectionPointIn>
              <connectionPointOut>
                <relPosition x="21" y="10"/>
              </connectionPointOut>
              <variable>LED3</variable>
            </contact>
            <contact localId="57" height="20" width="21" negated="false" executionOrderId="0">
              <position x="250" y="1110"/>
              <connectionPointIn>
                <relPosition x="0" y="10"/>
                <connection refLocalId="56">
                  <position x="250" y="1120"/>
                  <position x="221" y="1120"/>
                </connection>
              </connectionPointIn>
              <connectionPointOut>
                <relPosition x="21" y="10"/>
              </connectionPointOut>
              <variable>LED4</variable>
            </contact>
            <block localId="58" typeName="TON" instanceName="TON7" height="60" width="50" executionOrderId="0">
              <position x="330" y="1090"/>
              <inputVariables>
                <variable formalParameter="IN">
                  <connectionPointIn>
                    <relPosition x="0" y="30"/>
                    <connection refLocalId="57">
                      <position x="330" y="1120"/>
                      <position x="271" y="1120"/>
                    </connection>
                  </connectionPointIn>
                </variable>
                <variable formalParameter="PT">
                  <connectionPointIn>
                    <relPosition x="0" y="50"/>
                    <connection refLocalId="67">
                      <position x="330" y="1140"/>
                      <position x="315" y="1140"/>
                      <position x="315" y="1170"/>
                      <position x="300" y="1170"/>
                    </connection>
                  </connectionPointIn>
                </variable>
              </inputVariables>
              <inOutVariables/>
              <outputVariables>
                <variable formalParameter="Q">
                  <connectionPointOut>
                    <relPosition x="50" y="30"/>
                  </connectionPointOut>
                </variable>
                <variable formalParameter="ET">
                  <connectionPointOut>
                    <relPosition x="50" y="50"/>
                  </connectionPointOut>
                </variable>
              </outputVariables>
            </block>
            <step localId="59" name="Step9" initialStep="false" height="30" width="50" executionOrderId="0">
              <position x="420" y="1160"/>
              <connectionPointIn>
                <relPosition x="20" y="0"/>
                <connection refLocalId="54">
                  <position x="440" y="1160"/>
                  <position x="440" y="1120"/>
                </connection>
              </connectionPointIn>
              <connectionPointOut formalParameter="">
                <relPosition x="20" y="30"/>
              </connectionPointOut>
              <connectionPointOutAction formalParameter="">
                <relPosition x="50" y="10"/>
              </connectionPointOutAction>
            </step>
            <actionBlock localId="60" height="50" width="100" executionOrderId="0">
              <position x="530" y="1150"/>
              <connectionPointIn>
                <relPosition x="0" y="20"/>
                <connection refLocalId="59">
                  <position x="530" y="1170"/>
                  <position x="470" y="1170"/>
                </connection>
              </connectionPointIn>
              <action localId="0">
                <relPosition x="0" y="0"/>
                <reference name="LED2"/>
              </action>
              <action localId="0">
                <relPosition x="0" y="0"/>
                <reference name="LED3"/>
              </action>
            </actionBlock>
            <transition localId="61" height="10" width="20" executionOrderId="0">
              <position x="430" y="1240"/>
              <connectionPointIn>
                <relPosition x="10" y="0"/>
                <connection refLocalId="59">
                  <position x="440" y="1240"/>
                  <position x="440" y="1190"/>
                </connection>
              </connectionPointIn>
              <connectionPointOut>
                <relPosition x="10" y="10"/>
              </connectionPointOut>
              <condition>
                <connectionPointIn>
                  <connection refLocalId="65" formalParameter="Q">
                    <position x="430" y="1240"/>
                    <position x="410" y="1240"/>
                    <position x="410" y="1250"/>
                    <position x="390" y="1250"/>
                  </connection>
                </connectionPointIn>
              </condition>
            </transition>
            <leftPowerRail localId="62" height="40" width="10" executionOrderId="0">
              <position x="140" y="1230"/>
              <connectionPointOut formalParameter="">
                <relPosition x="10" y="20"/>
              </connectionPointOut>
            </leftPowerRail>
            <contact localId="63" height="20" width="21" negated="false" executionOrderId="0">
              <position x="200" y="1240"/>
              <connectionPointIn>
                <relPosition x="0" y="10"/>
                <connection refLocalId="62">
                  <position x="200" y="1250"/>
                  <position x="150" y="1250"/>
                </connection>
              </connectionPointIn>
              <connectionPointOut>
                <relPosition x="21" y="10"/>
              </connectionPointOut>
              <variable>LED2</variable>
            </contact>
            <contact localId="64" height="20" width="21" negated="false" executionOrderId="0">
              <position x="250" y="1240"/>
              <connectionPointIn>
                <relPosition x="0" y="10"/>
                <connection refLocalId="63">
                  <position x="250" y="1250"/>
                  <position x="221" y="1250"/>
                </connection>
              </connectionPointIn>
              <connectionPointOut>
                <relPosition x="21" y="10"/>
              </connectionPointOut>
              <variable>LED3</variable>
            </contact>
            <block localId="65" typeName="TON" instanceName="TON8" height="60" width="50" executionOrderId="0">
              <position x="340" y="1220"/>
              <inputVariables>
                <variable formalParameter="IN">
                  <connectionPointIn>
                    <relPosition x="0" y="30"/>
                    <connection refLocalId="64">
                      <position x="340" y="1250"/>
                      <position x="271" y="1250"/>
                    </connection>
                  </connectionPointIn>
                </variable>
                <variable formalParameter="PT">
                  <connectionPointIn>
                    <relPosition x="0" y="50"/>
                    <connection refLocalId="68">
                      <position x="340" y="1270"/>
                      <position x="320" y="1270"/>
                      <position x="320" y="1300"/>
                      <position x="310" y="1300"/>
                    </connection>
                  </connectionPointIn>
                </variable>
              </inputVariables>
              <inOutVariables/>
              <outputVariables>
                <variable formalParameter="Q">
                  <connectionPointOut>
                    <relPosition x="50" y="30"/>
                  </connectionPointOut>
                </variable>
                <variable formalParameter="ET">
                  <connectionPointOut>
                    <relPosition x="50" y="50"/>
                  </connectionPointOut>
                </variable>
              </outputVariables>
            </block>
            <inVariable localId="66" height="30" width="60" negated="false" executionOrderId="0">
              <position x="250" y="1020"/>
              <connectionPointOut>
                <relPosition x="60" y="10"/>
              </connectionPointOut>
              <expression>TIMING</expression>
            </inVariable>
            <inVariable localId="67" height="30" width="60" negated="false" executionOrderId="0">
              <position x="240" y="1160"/>
              <connectionPointOut>
                <relPosition x="60" y="10"/>
              </connectionPointOut>
              <expression>TIMING</expression>
            </inVariable>
            <inVariable localId="68" height="30" width="60" negated="false" executionOrderId="0">
              <position x="250" y="1290"/>
              <connectionPointOut>
                <relPosition x="60" y="10"/>
              </connectionPointOut>
              <expression>TIMING</expression>
            </inVariable>
            <step localId="69" name="Step10" initialStep="false" height="30" width="58" executionOrderId="0">
              <position x="410" y="1320"/>
              <connectionPointIn>
                <relPosition x="30" y="0"/>
                <connection refLocalId="61">
                  <position x="440" y="1320"/>
                  <position x="440" y="1250"/>
                </connection>
              </connectionPointIn>
              <connectionPointOut formalParameter="">
                <relPosition x="30" y="30"/>
              </connectionPointOut>
              <connectionPointOutAction formalParameter="">
                <relPosition x="58" y="10"/>
              </connectionPointOutAction>
            </step>
            <transition localId="70" height="10" width="20" executionOrderId="0">
              <position x="430" y="1380"/>
              <connectionPointIn>
                <relPosition x="10" y="0"/>
                <connection refLocalId="69">
                  <position x="440" y="1380"/>
                  <position x="440" y="1350"/>
                </connection>
              </connectionPointIn>
              <connectionPointOut>
                <relPosition x="10" y="10"/>
              </connectionPointOut>
              <condition>
                <connectionPointIn>
                  <connection refLocalId="75" formalParameter="Q">
                    <position x="430" y="1380"/>
                    <position x="405" y="1380"/>
                    <position x="405" y="1390"/>
                    <position x="380" y="1390"/>
                  </connection>
                </connectionPointIn>
              </condition>
            </transition>
            <actionBlock localId="71" height="50" width="100" executionOrderId="0">
              <position x="530" y="1320"/>
              <connectionPointIn>
                <relPosition x="0" y="10"/>
                <connection refLocalId="69">
                  <position x="530" y="1330"/>
                  <position x="468" y="1330"/>
                </connection>
              </connectionPointIn>
              <action localId="0">
                <relPosition x="0" y="0"/>
                <reference name="LED1"/>
              </action>
              <action localId="0">
                <relPosition x="0" y="0"/>
                <reference name="LED2"/>
              </action>
            </actionBlock>
            <leftPowerRail localId="72" height="40" width="10" executionOrderId="0">
              <position x="140" y="1370"/>
              <connectionPointOut formalParameter="">
                <relPosition x="10" y="20"/>
              </connectionPointOut>
            </leftPowerRail>
            <contact localId="73" height="20" width="21" negated="false" executionOrderId="0">
              <position x="200" y="1380"/>
              <connectionPointIn>
                <relPosition x="0" y="10"/>
                <connection refLocalId="72">
                  <position x="200" y="1390"/>
                  <position x="150" y="1390"/>
                </connection>
              </connectionPointIn>
              <connectionPointOut>
                <relPosition x="21" y="10"/>
              </connectionPointOut>
              <variable>LED1</variable>
            </contact>
            <contact localId="74" height="20" width="21" negated="false" executionOrderId="0">
              <position x="250" y="1380"/>
              <connectionPointIn>
                <relPosition x="0" y="10"/>
                <connection refLocalId="73">
                  <position x="250" y="1390"/>
                  <position x="221" y="1390"/>
                </connection>
              </connectionPointIn>
              <connectionPointOut>
                <relPosition x="21" y="10"/>
              </connectionPointOut>
              <variable>LED2</variable>
            </contact>
            <block localId="75" typeName="TON" instanceName="TON9" height="60" width="50" executionOrderId="0">
              <position x="330" y="1360"/>
              <inputVariables>
                <variable formalParameter="IN">
                  <connectionPointIn>
                    <relPosition x="0" y="30"/>
                    <connection refLocalId="74">
                      <position x="330" y="1390"/>
                      <position x="271" y="1390"/>
                    </connection>
                  </connectionPointIn>
                </variable>
                <variable formalParameter="PT">
                  <connectionPointIn>
                    <relPosition x="0" y="50"/>
                    <connection refLocalId="89">
                      <position x="330" y="1410"/>
                      <position x="310" y="1410"/>
                      <position x="310" y="1440"/>
                      <position x="290" y="1440"/>
                    </connection>
                  </connectionPointIn>
                </variable>
              </inputVariables>
              <inOutVariables/>
              <outputVariables>
                <variable formalParameter="Q">
                  <connectionPointOut>
                    <relPosition x="50" y="30"/>
                  </connectionPointOut>
                </variable>
                <variable formalParameter="ET">
                  <connectionPointOut>
                    <relPosition x="50" y="50"/>
                  </connectionPointOut>
                </variable>
              </outputVariables>
            </block>
            <step localId="76" name="Step11" initialStep="false" height="30" width="58" executionOrderId="0">
              <position x="410" y="1440"/>
              <connectionPointIn>
                <relPosition x="30" y="0"/>
                <connection refLocalId="70">
                  <position x="440" y="1440"/>
                  <position x="440" y="1390"/>
                </connection>
              </connectionPointIn>
              <connectionPointOut formalParameter="">
                <relPosition x="30" y="30"/>
              </connectionPointOut>
              <connectionPointOutAction formalParameter="">
                <relPosition x="58" y="20"/>
              </connectionPointOutAction>
            </step>
            <actionBlock localId="77" height="30" width="100" executionOrderId="0">
              <position x="530" y="1440"/>
              <connectionPointIn>
                <relPosition x="0" y="20"/>
                <connection refLocalId="76">
                  <position x="530" y="1460"/>
                  <position x="468" y="1460"/>
                </connection>
              </connectionPointIn>
              <action localId="0">
                <relPosition x="0" y="0"/>
                <reference name="LED1"/>
              </action>
            </actionBlock>
            <transition localId="78" height="10" width="20" executionOrderId="0">
              <position x="430" y="1490"/>
              <connectionPointIn>
                <relPosition x="10" y="0"/>
                <connection refLocalId="76">
                  <position x="440" y="1490"/>
                  <position x="440" y="1480"/>
                  <position x="440" y="1480"/>
                  <position x="440" y="1470"/>
                </connection>
              </connectionPointIn>
              <connectionPointOut>
                <relPosition x="10" y="10"/>
              </connectionPointOut>
              <condition>
                <connectionPointIn>
                  <connection refLocalId="81" formalParameter="Q">
                    <position x="430" y="1500"/>
                    <position x="380" y="1500"/>
                  </connection>
                </connectionPointIn>
              </condition>
            </transition>
            <leftPowerRail localId="79" height="40" width="10" executionOrderId="0">
              <position x="140" y="1480"/>
              <connectionPointOut formalParameter="">
                <relPosition x="10" y="20"/>
              </connectionPointOut>
            </leftPowerRail>
            <contact localId="80" height="20" width="21" negated="false" executionOrderId="0">
              <position x="210" y="1490"/>
              <connectionPointIn>
                <relPosition x="0" y="10"/>
                <connection refLocalId="79">
                  <position x="210" y="1500"/>
                  <position x="150" y="1500"/>
                </connection>
              </connectionPointIn>
              <connectionPointOut>
                <relPosition x="21" y="10"/>
              </connectionPointOut>
              <variable>LED1</variable>
            </contact>
            <block localId="81" typeName="TON" instanceName="TON10" height="60" width="50" executionOrderId="0">
              <position x="330" y="1470"/>
              <inputVariables>
                <variable formalParameter="IN">
                  <connectionPointIn>
                    <relPosition x="0" y="30"/>
                    <connection refLocalId="40">
                      <position x="330" y="1500"/>
                      <position x="290" y="1500"/>
                    </connection>
                  </connectionPointIn>
                </variable>
                <variable formalParameter="PT">
                  <connectionPointIn>
                    <relPosition x="0" y="50"/>
                    <connection refLocalId="90">
                      <position x="330" y="1520"/>
                      <position x="310" y="1520"/>
                      <position x="310" y="1560"/>
                      <position x="290" y="1560"/>
                    </connection>
                  </connectionPointIn>
                </variable>
              </inputVariables>
              <inOutVariables/>
              <outputVariables>
                <variable formalParameter="Q">
                  <connectionPointOut>
                    <relPosition x="50" y="30"/>
                  </connectionPointOut>
                </variable>
                <variable formalParameter="ET">
                  <connectionPointOut>
                    <relPosition x="50" y="50"/>
                  </connectionPointOut>
                </variable>
              </outputVariables>
            </block>
            <jumpStep localId="82" targetName="Step0" height="20" width="20">
              <position x="430" y="1560"/>
              <connectionPointIn>
                <relPosition x="10" y="0"/>
                <connection refLocalId="78">
                  <position x="440" y="1560"/>
                  <position x="440" y="1500"/>
                </connection>
              </connectionPointIn>
            </jumpStep>
            <leftPowerRail localId="83" height="40" width="10">
              <position x="260" y="90"/>
              <connectionPointOut formalParameter="">
                <relPosition x="10" y="20"/>
              </connectionPointOut>
            </leftPowerRail>
            <contact localId="84" height="20" width="21" negated="false" edge="rising">
              <position x="310" y="100"/>
              <connectionPointIn>
                <relPosition x="0" y="10"/>
                <connection refLocalId="83">
                  <position x="310" y="110"/>
                  <position x="270" y="110"/>
                </connection>
              </connectionPointIn>
              <connectionPointOut>
                <relPosition x="21" y="10"/>
              </connectionPointOut>
              <variable>BP1</variable>
            </contact>
            <contact localId="85" height="20" width="21" negated="true">
              <position x="130" y="850"/>
              <connectionPointIn>
                <relPosition x="0" y="10"/>
                <connection refLocalId="51">
                  <position x="130" y="860"/>
                  <position x="100" y="860"/>
                </connection>
              </connectionPointIn>
              <connectionPointOut>
                <relPosition x="21" y="10"/>
              </connectionPointOut>
              <variable>LED4</variable>
            </contact>
            <contact localId="86" height="20" width="21" negated="true" executionOrderId="0">
              <position x="180" y="850"/>
              <connectionPointIn>
                <relPosition x="0" y="10"/>
                <connection refLocalId="85">
                  <position x="180" y="860"/>
                  <position x="151" y="860"/>
                </connection>
              </connectionPointIn>
              <connectionPointOut>
                <relPosition x="21" y="10"/>
              </connectionPointOut>
              <variable>LED3</variable>
            </contact>
            <contact localId="87" height="20" width="21" negated="true" executionOrderId="0">
              <position x="230" y="850"/>
              <connectionPointIn>
                <relPosition x="0" y="10"/>
                <connection refLocalId="86">
                  <position x="230" y="860"/>
                  <position x="201" y="860"/>
                </connection>
              </connectionPointIn>
              <connectionPointOut>
                <relPosition x="21" y="10"/>
              </connectionPointOut>
              <variable>LED2</variable>
            </contact>
            <contact localId="88" height="20" width="21" negated="true" executionOrderId="0">
              <position x="280" y="850"/>
              <connectionPointIn>
                <relPosition x="0" y="10"/>
                <connection refLocalId="87">
                  <position x="280" y="860"/>
                  <position x="251" y="860"/>
                </connection>
              </connectionPointIn>
              <connectionPointOut>
                <relPosition x="21" y="10"/>
              </connectionPointOut>
              <variable>LED1</variable>
            </contact>
            <inVariable localId="89" height="30" width="60" negated="false" executionOrderId="0">
              <position x="230" y="1420"/>
              <connectionPointOut>
                <relPosition x="60" y="20"/>
              </connectionPointOut>
              <expression>TIMING</expression>
            </inVariable>
            <inVariable localId="90" height="30" width="60" negated="false" executionOrderId="0">
              <position x="230" y="1540"/>
              <connectionPointOut>
                <relPosition x="60" y="10"/>
              </connectionPointOut>
              <expression>TIMING</expression>
            </inVariable>
            <actionBlock localId="91" height="30" width="100">
              <position x="520" y="660"/>
              <connectionPointIn>
                <relPosition x="0" y="20"/>
                <connection refLocalId="29">
                  <position x="520" y="680"/>
                  <position x="460" y="680"/>
                </connection>
              </connectionPointIn>
              <action localId="0">
                <relPosition x="0" y="0"/>
                <reference name="LED4"/>
              </action>
            </actionBlock>
            <actionBlock localId="30" height="30" width="100" executionOrderId="0">
              <position x="520" y="910"/>
              <connectionPointIn>
                <relPosition x="0" y="10"/>
                <connection refLocalId="32">
                  <position x="520" y="920"/>
                  <position x="470" y="920"/>
                </connection>
              </connectionPointIn>
              <action localId="0">
                <relPosition x="0" y="0"/>
                <reference name="LED4"/>
              </action>
            </actionBlock>
            <contact localId="40" height="20" width="21" negated="true" executionOrderId="0">
              <position x="270" y="1490"/>
              <connectionPointIn>
                <relPosition x="0" y="10"/>
                <connection refLocalId="80">
                  <position x="270" y="1500"/>
                  <position x="231" y="1500"/>
                </connection>
              </connectionPointIn>
              <connectionPointOut>
                <relPosition x="21" y="10"/>
              </connectionPointOut>
              <variable>LED2</variable>
            </contact>
            <contact localId="92" height="20" width="21" negated="true" executionOrderId="0">
              <position x="220" y="970"/>
              <connectionPointIn>
                <relPosition x="0" y="10"/>
                <connection refLocalId="45">
                  <position x="220" y="980"/>
                  <position x="181" y="980"/>
                </connection>
              </connectionPointIn>
              <connectionPointOut>
                <relPosition x="21" y="10"/>
              </connectionPointOut>
              <variable>LED3</variable>
            </contact>
            <contact localId="93" height="20" width="21" negated="true" executionOrderId="0">
              <position x="200" y="730"/>
              <connectionPointIn>
                <relPosition x="0" y="10"/>
                <connection refLocalId="39">
                  <position x="200" y="740"/>
                  <position x="161" y="740"/>
                </connection>
              </connectionPointIn>
              <connectionPointOut>
                <relPosition x="21" y="10"/>
              </connectionPointOut>
              <variable>LED3</variable>
            </contact>
          </SFC>
        </body>
      </pou>
    </pous>
  </types>
  <instances>
    <configurations>
      <configuration name="Config0">
        <resource name="Res0">
          <task name="task0" priority="0" interval="T#20ms">
            <pouInstance name="instance0" typeName="program0"/>
          </task>
        </resource>
      </configuration>
    </configurations>
  </instances>
</project>
